#MatchID,NumFilters,RAh,RAm,RAs,Decd,Decm,Decs,W3_F438W,W3_F438W_Sigma,W3_F555W,W3_F555W_Sigma,W3_F814W,W3_F814W_Sigma
1930434,3,13,37,00.938,-29,51,55.36,20.690,0.000,,,,
1932092,2,13,37,00.971,-29,51,55.37,22.393,0.000,,,,
1934350,2,13,37,00.968,-29,51,55.73,22.158,0.000,,,,
1935078,2,13,37,00.929,-29,51,55.71,,,,,,
1932112,3,13,37,00.945,-29,51,55.93,20.657,0.000,,,,
1922507,3,13,37,00.952,-29,51,55.03,22.455,0.000,,,,
1931809,3,13,37,00.913,-29,51,55.71,19.941,0.000,,,,
1933015,2,13,37,00.903,-29,51,55.64,,,,,,
1931058,2,13,37,00.972,-29,51,56.09,22.206,0.000,,,,
1929735,3,13,37,00.991,-29,51,55.89,22.187,0.000,,,,
1926920,3,13,37,01.003,-29,51,55.46,21.448,0.000,,,,
1929589,2,13,37,00.891,-29,51,55.31,,,,,,
1931064,3,13,37,00.963,-29,51,56.31,21.587,0.000,,,,
1934027,2,13,37,00.999,-29,51,56.10,21.752,0.000,,,,
1931632,3,13,37,00.935,-29,51,56.44,20.248,0.000,,,,
1930737,15,13,37,00.885,-29,51,55.99,18.766,1.475,18.722,0.207,,
1929085,3,13,37,00.900,-29,51,54.76,21.458,0.000,,,,
1935834,3,13,37,00.984,-29,51,56.45,21.914,0.000,,,,
1922900,3,13,37,01.018,-29,51,54.88,21.554,0.000,,,,
1926971,3,13,37,01.006,-29,51,56.33,21.481,0.000,,,,
1922602,3,13,37,00.956,-29,51,54.41,20.785,0.000,,,,
1930495,3,13,37,00.917,-29,51,56.53,20.284,0.000,,,,
1929321,3,13,37,00.867,-29,51,55.15,20.319,0.000,,,,
1932371,2,13,37,01.016,-29,51,56.39,21.953,0.000,,,,
1928198,2,13,37,00.873,-29,51,54.73,21.111,0.000,,,,
1927909,2,13,37,01.008,-29,51,54.49,21.954,0.000,,,,
1930624,3,13,37,00.993,-29,51,54.35,20.962,0.000,,,,
1924320,3,13,37,00.884,-29,51,54.54,20.652,0.000,,,,
1931092,3,13,37,00.978,-29,51,56.77,22.291,0.000,,,,
1922480,2,13,37,00.844,-29,51,55.71,,,,,,
1927946,5,13,37,01.047,-29,51,54.85,21.837,0.000,,,,
1929671,3,13,37,01.036,-29,51,54.56,22.263,0.000,,,,
1928241,2,13,37,00.987,-29,51,54.11,21.700,0.000,,,,
1932345,3,13,37,00.937,-29,51,56.99,21.021,0.000,,,,
1930568,3,13,37,00.931,-29,51,54.02,22.436,0.000,,,,
1928024,2,13,37,00.848,-29,51,54.79,22.803,0.000,,,,
1932773,3,13,37,01.014,-29,51,56.80,22.504,0.000,,,,
1930350,3,13,37,00.890,-29,51,54.16,21.841,0.000,,,,
1930059,2,13,37,00.877,-29,51,56.75,,,,,,
1930955,3,13,37,00.951,-29,51,57.12,21.341,0.000,,,,
1928018,2,13,37,00.918,-29,51,53.92,23.340,0.000,,,,
2170120,3,13,37,01.072,-29,51,54.99,23.404,0.000,,,,
1922258,2,13,37,00.854,-29,51,54.37,22.663,0.000,,,,
1936415,3,13,37,01.000,-29,51,57.08,21.610,0.000,,,,
1928021,2,13,37,00.824,-29,51,55.04,22.668,0.000,,,,
1932048,2,13,37,00.946,-29,51,53.72,24.780,0.000,,,,
1929351,2,13,37,01.019,-29,51,53.96,,,,,,
1931718,3,13,37,01.084,-29,51,55.98,23.799,0.000,,,,
1922320,2,13,37,00.994,-29,51,53.79,22.993,0.000,,,,
1929730,3,13,37,00.880,-29,51,57.10,19.752,0.000,,,,
1930888,2,13,37,01.036,-29,51,54.04,,,,,22.787,0.000
1928143,2,13,37,00.930,-29,51,53.67,23.977,0.000,,,,
1927091,2,13,37,00.807,-29,51,55.61,22.682,0.000,,,,
1933615,5,13,37,01.061,-29,51,56.70,24.035,0.000,22.558,0.000,22.733,0.000
1937197,3,13,37,01.053,-29,51,56.83,23.586,0.000,,,,
1929429,2,13,37,00.848,-29,51,54.17,22.710,0.155,,,,
1930553,2,13,37,00.807,-29,51,55.15,21.813,0.000,,,,
1930945,2,13,37,01.080,-29,51,54.63,23.919,0.000,,,,
1932283,3,13,37,00.932,-29,51,57.41,19.861,0.000,,,,
1927489,2,13,37,00.818,-29,51,54.62,23.358,0.000,,,,
1930264,3,13,37,01.088,-29,51,56.22,,,23.258,0.000,22.480,0.000
1937189,2,13,37,01.000,-29,51,57.34,22.190,0.000,,,,
1930193,4,13,37,00.860,-29,51,53.94,22.493,0.000,21.786,0.000,,
1928472,2,13,37,01.101,-29,51,55.51,22.312,0.000,,,,
1934038,3,13,37,00.910,-29,51,57.44,20.893,0.000,,,,
1932142,3,13,37,01.097,-29,51,54.82,21.834,0.000,,,,
1934072,3,13,37,00.948,-29,51,57.57,21.357,0.000,,,,
1924933,5,13,37,01.052,-29,51,57.09,23.560,0.000,22.143,0.000,,
1930317,2,13,37,00.885,-29,51,53.57,22.953,0.000,,,,
1925902,2,13,37,00.801,-29,51,54.65,22.654,0.000,,,,
1931191,3,13,37,01.074,-29,51,56.97,23.662,0.000,,,,
1922476,3,13,37,01.023,-29,51,53.55,21.880,0.000,,,,
1931086,3,13,37,00.896,-29,51,57.57,20.338,0.000,,,,
1935862,6,13,37,01.121,-29,51,55.20,21.094,0.000,20.760,0.000,,
1923398,3,13,37,00.859,-29,51,57.43,19.340,0.000,,,,
1929912,3,13,37,00.929,-29,51,57.76,21.182,0.000,,,,
1924901,3,13,37,00.951,-29,51,57.78,22.104,0.000,,,,
1931410,3,13,37,01.108,-29,51,56.51,22.734,0.000,,,,
1935857,3,13,37,00.901,-29,51,57.73,20.594,0.000,,,,
1931487,10,13,37,00.774,-29,51,55.80,21.542,0.064,20.575,0.066,20.014,0.000
1923964,2,13,37,00.909,-29,51,53.27,22.257,0.000,,,,
1930262,3,13,37,01.127,-29,51,55.74,22.379,0.000,,,,
1929306,3,13,37,00.775,-29,51,55.96,21.677,0.000,,,,
1928567,2,13,37,00.786,-29,51,54.59,23.025,0.000,,,,
1935884,3,13,37,01.130,-29,51,55.43,21.487,0.000,,,,
1929338,3,13,37,01.039,-29,51,53.47,21.643,0.000,,,,
1934113,6,13,37,01.125,-29,51,56.13,22.367,0.000,21.919,0.000,,
1925871,2,13,37,00.820,-29,51,53.86,22.845,0.000,,,,
1926941,2,13,37,01.114,-29,51,54.46,24.389,0.000,,,,
1931139,2,13,37,00.995,-29,51,53.21,22.838,0.000,,,,
1929340,3,13,37,00.784,-29,51,56.51,23.074,0.000,,,,
1931211,10,13,37,01.082,-29,51,57.21,20.906,0.018,20.285,0.005,19.569,0.000
1933262,3,13,37,01.126,-29,51,56.34,22.301,0.000,,,,
1930922,3,13,37,00.822,-29,51,57.30,20.039,0.000,,,,
1931738,3,13,37,00.939,-29,51,57.96,21.421,0.000,,,,
1926525,2,13,37,00.865,-29,51,53.30,22.927,0.000,,,,
1937261,10,13,37,01.055,-29,51,57.60,19.900,0.045,19.893,0.023,20.094,0.000
2170090,2,13,37,01.106,-29,51,54.03,,,22.362,0.211,,
1925150,3,13,37,01.082,-29,51,53.67,23.930,0.000,,,,
1929397,2,13,37,00.784,-29,51,54.21,22.247,0.000,,,,
1933429,2,13,37,01.068,-29,51,53.48,21.881,0.000,,,,
1930403,7,13,37,01.036,-29,51,53.22,21.444,0.000,20.971,0.000,,
1924938,3,13,37,01.143,-29,51,56.09,22.949,0.000,,,,
1929437,2,13,37,00.752,-29,51,55.40,,,,,,
1929970,6,13,37,01.122,-29,51,56.81,21.207,0.000,21.242,0.000,,
1932722,6,13,37,01.144,-29,51,54.96,21.512,0.000,21.138,0.000,,
1928406,3,13,37,00.830,-29,51,57.58,19.900,0.000,,,,
1930859,3,13,37,01.149,-29,51,55.65,21.841,0.000,,,,
1927393,6,13,37,00.903,-29,51,52.98,21.279,0.000,20.721,0.000,,
1927919,3,13,37,00.795,-29,51,57.18,21.116,0.000,,,,
1925880,3,13,37,00.914,-29,51,52.93,21.160,0.000,,,,
1932804,3,13,37,00.934,-29,51,58.15,21.256,0.000,,,,
1930154,4,13,37,00.783,-29,51,53.99,22.648,0.000,21.803,0.000,,
1927970,2,13,37,00.930,-29,51,52.86,22.456,0.000,,,,
1929269,3,13,37,00.789,-29,51,53.82,24.150,0.000,,,,
1937247,5,13,37,01.041,-29,51,57.97,,,22.022,0.000,22.569,0.000
1925886,10,13,37,00.742,-29,51,55.10,21.936,0.090,21.072,0.017,20.376,0.000
1929978,2,13,37,00.846,-29,51,53.09,22.336,0.000,,,,
1937249,3,13,37,01.135,-29,51,56.88,21.638,0.000,,,,
1930569,3,13,37,00.743,-29,51,56.26,19.658,0.000,,,,
1933007,2,13,37,00.772,-29,51,57.08,19.604,0.000,,,,
1928854,2,13,37,00.984,-29,51,52.72,24.387,0.000,,,,
2170149,6,13,37,01.155,-29,51,54.53,21.555,0.000,21.458,0.000,,
1936726,8,13,37,01.168,-29,51,55.26,21.338,0.079,21.406,0.000,21.269,0.000
1934069,3,13,37,01.164,-29,51,54.89,22.133,0.000,,,,
1933264,3,13,37,00.955,-29,51,58.37,22.629,0.000,,,,
1926164,5,13,37,01.159,-29,51,56.43,22.215,0.000,21.627,0.000,,
1933207,3,13,37,00.884,-29,51,58.25,22.232,0.000,,,,
1930411,2,13,37,00.752,-29,51,56.79,,,,,,
1922001,2,13,37,00.884,-29,51,52.73,21.938,0.000,,,,
1935981,3,13,37,01.154,-29,51,56.72,22.252,0.000,,,,
1931059,3,13,37,00.819,-29,51,57.88,19.686,0.000,,,,
1931019,3,13,37,01.175,-29,51,55.50,,,20.653,0.000,,
1924338,2,13,37,01.054,-29,51,52.89,22.186,0.000,,,,
1937874,3,13,37,01.066,-29,51,58.06,22.412,0.000,,,,
1929383,2,13,37,00.735,-29,51,54.54,23.852,0.000,,,,
1922912,2,13,37,00.790,-29,51,57.67,19.976,0.000,,,,
1923068,2,13,37,00.742,-29,51,54.20,23.412,0.000,,,,
1926953,3,13,37,00.828,-29,51,58.08,20.175,0.000,,,,
1928048,5,13,37,00.822,-29,51,52.98,21.887,0.000,21.050,0.000,,
1932361,3,13,37,00.847,-29,51,58.24,21.076,0.000,,,,
1934589,2,13,37,00.992,-29,51,58.51,23.024,0.000,,,,
1924310,2,13,37,00.722,-29,51,56.24,,,,,,
1932623,6,13,37,01.182,-29,51,55.98,21.329,0.000,20.406,0.000,,
1930685,2,13,37,01.134,-29,51,57.42,,,,,,
1936781,3,13,37,00.960,-29,51,58.57,21.923,0.000,,,,
1928254,2,13,37,00.745,-29,51,54.01,23.391,0.000,,,,
1929062,2,13,37,00.728,-29,51,54.33,23.615,0.000,,,,
1936796,2,13,37,00.972,-29,51,58.62,22.398,0.000,,,,
1937198,3,13,37,00.905,-29,51,58.58,22.511,0.000,,,,
1922623,2,13,37,00.745,-29,51,57.17,,,,,,
1926461,2,13,37,00.804,-29,51,53.00,21.699,0.000,,,,
1929791,2,13,37,01.085,-29,51,52.86,23.605,0.000,,,,
1935871,4,13,37,01.186,-29,51,54.61,22.397,0.000,,,,
1930691,8,13,37,01.055,-29,51,58.41,22.973,0.000,22.584,0.000,23.243,0.000
1931530,13,13,37,00.731,-29,51,57.00,19.071,0.246,18.915,0.261,19.034,0.000
1934283,3,13,37,00.927,-29,51,58.72,21.996,0.000,,,,
1930507,3,13,37,00.702,-29,51,55.44,23.932,0.000,,,,
1933836,3,13,37,00.954,-29,51,58.78,21.161,0.000,,,,
1931237,3,13,37,00.995,-29,51,58.73,22.709,0.000,,,,
1926963,2,13,37,00.820,-29,51,58.36,,,,,,
1926221,3,13,37,01.090,-29,51,58.29,22.280,0.000,,,,
1927052,3,13,37,00.699,-29,51,56.17,,,,,,
1922810,3,13,37,00.798,-29,51,58.21,21.479,0.000,,,,
1928201,2,13,37,00.709,-29,51,56.70,18.771,0.000,,,,
1929239,2,13,37,00.717,-29,51,54.07,23.488,0.000,,,,
1932405,3,13,37,01.204,-29,51,56.18,22.169,0.000,,,,
1937854,3,13,37,00.974,-29,51,58.87,21.502,0.000,,,,
1930500,3,13,37,00.785,-29,51,58.13,20.679,0.000,,,,
1937906,2,13,37,01.139,-29,51,57.86,,,,,,
1933895,2,13,37,00.725,-29,51,57.24,,,,,,
1930701,9,13,37,01.175,-29,51,57.23,20.843,0.000,20.652,0.000,,
1930698,3,13,37,01.042,-29,51,58.70,23.914,0.000,,,,
1924690,2,13,37,01.203,-29,51,54.57,,,,,,
1926723,2,13,37,00.720,-29,51,53.83,23.804,0.000,,,,
1929660,3,13,37,00.747,-29,51,57.70,19.022,0.000,,,,
1933817,3,13,37,01.215,-29,51,55.50,22.195,0.000,,,,
1934623,3,13,37,01.204,-29,51,56.52,22.147,0.000,,,,
1934588,3,13,37,01.215,-29,51,55.88,22.283,0.000,,,,
1937272,3,13,37,00.955,-29,51,58.99,20.499,0.000,,,,
1935012,2,13,37,01.193,-29,51,57.02,,,,,,
1928203,3,13,37,01.076,-29,51,52.41,23.561,0.000,,,,
1932863,3,13,37,01.161,-29,51,57.71,22.980,0.000,,,,
1926912,2,13,37,01.168,-29,51,53.42,,,22.312,0.000,,
1929675,2,13,37,01.157,-29,51,53.23,24.146,0.000,,,,
2163325,7,13,37,00.701,-29,51,56.92,18.550,0.000,18.636,0.000,,
1932347,5,13,37,01.196,-29,51,53.98,21.563,0.000,20.817,0.000,,
1937907,3,13,37,01.065,-29,51,58.73,,,20.927,0.000,,
1933387,3,13,37,01.123,-29,51,58.26,21.748,0.000,,,,
2161398,4,13,37,00.676,-29,51,55.93,21.390,0.000,,,,
1931296,3,13,37,01.093,-29,51,58.58,22.348,0.000,,,,
1929015,4,13,37,00.826,-29,51,52.30,23.302,0.000,22.386,0.000,,
1937101,3,13,37,01.117,-29,51,58.39,21.915,0.000,,,,
2170093,3,13,37,00.760,-29,51,58.14,19.767,0.000,,,,
1921927,4,13,37,00.888,-29,51,51.97,22.742,0.000,22.232,0.000,,
1932728,4,13,37,01.212,-29,51,54.24,21.982,0.000,21.801,0.000,,
1925827,6,13,37,00.940,-29,51,59.15,20.505,0.000,20.490,0.000,,
2161421,4,13,37,01.053,-29,51,52.12,22.680,0.000,,,,
1937104,3,13,37,01.144,-29,51,58.17,21.900,0.000,,,,
1936737,4,13,37,01.225,-29,51,54.70,21.865,0.000,20.903,0.000,,
1933822,3,13,37,00.910,-29,51,59.15,20.596,0.000,,,,
1933352,2,13,37,01.006,-29,51,59.12,,,,,,
1926187,3,13,37,00.964,-29,51,59.19,20.753,0.000,,,,
1935579,5,13,37,01.039,-29,51,59.02,22.424,0.000,,,,
1930692,3,13,37,01.225,-29,51,56.43,22.581,0.000,,,,
1937294,5,13,37,01.232,-29,51,56.04,22.576,0.000,22.127,0.000,,
1927337,4,13,37,00.696,-29,51,53.81,22.925,0.000,22.214,0.000,,
1936795,2,13,37,01.238,-29,51,55.46,22.699,0.000,,,,
1937112,3,13,37,01.158,-29,51,58.11,23.093,0.000,,,,
1935085,3,13,37,01.167,-29,51,53.04,23.695,0.000,,,,
1934656,3,13,37,01.224,-29,51,56.71,22.192,0.000,,,,
1922259,2,13,37,00.672,-29,51,56.56,,,,,,
1937798,3,13,37,01.044,-29,51,59.12,22.480,0.000,,,,
1935599,6,13,37,01.059,-29,51,59.04,21.772,0.000,21.578,0.000,,
1934674,6,13,37,01.219,-29,51,57.05,21.403,0.000,21.198,0.000,,
2170248,2,13,37,01.243,-29,51,55.27,22.471,0.000,,,,
1930676,3,13,37,00.951,-29,51,59.33,20.974,0.000,,,,
1933208,6,13,37,01.228,-29,51,54.21,21.636,0.000,21.193,0.000,,
1928856,2,13,37,01.055,-29,51,51.90,22.239,0.000,,,,
1923401,3,13,37,00.766,-29,51,58.56,21.626,0.000,,,,
1937113,3,13,37,01.201,-29,51,57.62,,,19.912,0.000,,
1929054,5,13,37,00.950,-29,51,51.60,22.518,0.000,21.949,0.000,,
1922456,4,13,37,00.767,-29,51,52.39,22.106,0.000,21.259,0.000,,
2170222,3,13,37,01.247,-29,51,54.82,22.231,0.000,,,,
1927570,4,13,37,00.789,-29,51,52.15,22.092,0.000,21.403,0.000,,
1933819,3,13,37,01.253,-29,51,55.08,22.529,0.000,,,,
1929091,2,13,37,00.684,-29,51,57.45,,,,,,
1934761,2,13,37,01.222,-29,51,53.72,22.927,0.000,,,,
1926402,2,13,37,01.248,-29,51,56.42,22.742,0.000,,,,
2173807,3,13,37,01.070,-29,51,59.17,,,21.753,0.000,,
1934698,6,13,37,01.225,-29,51,57.29,20.716,0.000,20.304,0.000,,
1930809,2,13,37,01.235,-29,51,54.02,22.133,0.000,,,,
1923382,6,13,37,00.746,-29,51,58.51,20.238,0.000,19.756,0.000,,
1927332,4,13,37,00.876,-29,51,51.62,22.573,0.000,22.166,0.000,,
2170330,2,13,37,00.990,-29,51,59.49,23.867,0.000,,,,
1931113,2,13,37,01.074,-29,51,51.83,22.500,0.000,,,,
1931755,3,13,37,01.253,-29,51,54.64,22.216,0.000,,,,
1932470,5,13,37,01.139,-29,51,58.75,19.900,0.000,19.734,0.000,,
1926446,3,13,37,01.073,-29,51,59.26,21.967,0.000,,,,
1928065,3,13,37,00.976,-29,51,51.44,23.455,0.064,,,,
2170282,3,13,37,00.919,-29,51,59.59,20.328,0.000,,,,
1930191,5,13,37,01.054,-29,51,51.63,22.274,0.000,21.739,0.000,,
1921831,2,13,37,00.788,-29,51,51.98,22.835,0.000,,,,
1934527,8,13,37,01.182,-29,51,58.32,,,23.312,0.000,23.916,0.000
1931818,5,13,37,00.711,-29,51,58.22,19.409,0.000,19.392,0.000,,
1930466,2,13,37,00.724,-29,51,58.44,,,,,,
1934641,2,13,37,01.266,-29,51,56.08,22.860,0.000,,,,
1930152,2,13,37,00.631,-29,51,55.74,23.135,0.000,,,,
1937134,6,13,37,01.208,-29,51,58.00,21.124,0.000,21.021,0.000,,
1922463,3,13,37,00.659,-29,51,53.75,22.753,0.000,,,,
1928807,6,13,37,00.695,-29,51,58.08,18.789,0.000,18.770,0.000,,
1928703,2,13,37,00.675,-29,51,53.30,22.621,0.000,,,,
1932884,3,13,37,01.256,-29,51,56.87,22.151,0.000,,,,
2163318,3,13,37,00.657,-29,51,57.27,21.844,0.000,,,,
1935071,3,13,37,01.096,-29,51,59.27,21.569,0.000,,,,
1921882,2,13,37,00.881,-29,51,51.39,,,18.861,0.000,,
1935009,3,13,37,00.958,-29,51,59.73,21.212,0.000,,,,
1926481,2,13,37,00.625,-29,51,55.35,22.976,0.000,,,,
1925459,4,13,37,00.833,-29,51,51.55,22.206,0.000,21.438,0.000,,
1929732,3,13,37,00.741,-29,51,58.77,20.287,0.000,,,,
1929256,3,13,37,00.624,-29,51,55.54,22.634,0.000,,,,
1935574,2,13,37,01.272,-29,51,56.20,23.000,0.000,,,,
1930979,4,13,37,01.252,-29,51,53.87,22.947,0.000,22.269,0.000,,
1933277,6,13,37,01.273,-29,51,54.76,21.656,0.000,21.349,0.000,,
1933419,6,13,37,01.230,-29,51,57.73,21.309,0.000,21.274,0.000,,
1927531,2,13,37,00.765,-29,51,51.98,,,22.080,0.000,,
1934520,4,13,37,01.244,-29,51,57.44,21.633,0.000,21.018,0.000,,
1929411,2,13,37,01.044,-29,51,51.41,22.805,0.000,,,,
1925840,7,13,37,01.279,-29,51,55.43,23.179,0.000,23.210,0.000,24.258,0.000
1925991,2,13,37,00.817,-29,51,51.59,22.182,0.000,,,,
1924288,2,13,37,00.638,-29,51,56.91,21.759,0.000,,,,
1922225,3,13,37,01.089,-29,51,51.60,23.008,0.000,,,,
1926949,4,13,37,01.232,-29,51,53.24,22.641,0.000,21.891,0.000,,
1932628,3,13,37,00.872,-29,51,59.70,20.008,0.000,,,,
1934173,2,13,37,01.280,-29,51,55.10,22.818,0.000,,,,
1934856,5,13,37,01.131,-29,51,59.13,,,20.197,0.000,,
1930661,5,13,37,00.896,-29,51,59.77,20.032,0.000,20.452,0.000,,
1927160,6,13,37,01.172,-29,51,58.73,18.831,0.000,18.866,0.000,,
1937924,2,13,37,01.273,-29,51,56.55,23.368,0.000,,,,
1934508,3,13,37,01.262,-29,51,57.01,22.012,0.000,,,,
1929240,3,13,37,00.617,-29,51,55.26,23.280,0.000,,,,
1931650,3,13,37,00.747,-29,51,58.95,21.269,0.000,,,,
1934554,2,13,37,01.277,-29,51,54.64,22.148,0.000,,,,
1936111,3,13,37,01.124,-29,51,59.23,20.430,0.000,,,,
1935852,2,13,37,01.248,-29,51,53.53,23.122,0.000,,,,
1929193,3,13,37,01.047,-29,51,59.69,,,,,21.610,0.000
1937640,3,13,37,01.273,-29,51,56.76,22.778,0.000,,,,
1937801,2,13,37,01.280,-29,51,56.38,22.774,0.000,,,,
1922312,3,13,37,00.654,-29,51,57.61,21.650,0.000,,,,
1929501,4,13,37,00.626,-29,51,56.75,21.246,0.000,19.914,0.000,,
1935471,2,13,37,01.198,-29,51,58.49,,,,,,
1938308,3,13,37,01.097,-29,51,59.49,21.507,0.000,,,,
2161268,2,13,37,00.876,-29,51,51.18,23.373,0.000,,,,
1929723,3,13,37,00.725,-29,51,58.84,20.778,0.000,,,,
1925460,2,13,37,00.627,-29,51,54.04,23.390,0.000,,,,
1926468,3,13,37,00.608,-29,51,55.38,22.678,0.000,,,,
1935004,10,13,37,00.930,-29,51,59.96,20.591,0.239,20.733,0.105,20.494,0.000
1934666,3,13,37,00.962,-29,51,59.97,21.585,0.000,,,,
1927548,6,13,37,00.848,-29,51,51.20,21.746,0.000,21.449,0.000,,
1926252,2,13,37,00.792,-29,51,51.50,23.115,0.000,,,,
1929641,9,13,37,00.674,-29,51,58.24,19.574,0.000,19.491,0.023,19.385,0.000
1936034,3,13,37,01.296,-29,51,55.95,22.978,0.000,,,,
1935181,6,13,37,01.267,-29,51,57.37,21.740,0.000,21.638,0.000,,
1930968,2,13,37,01.265,-29,51,53.58,23.548,0.000,,,,
1930444,5,13,37,00.687,-29,51,58.49,,,19.401,0.000,,
1938291,6,13,37,01.118,-29,51,59.50,21.281,0.000,20.630,0.000,,
1934687,3,13,37,00.981,-29,52,00.05,22.100,0.000,,,,
1933497,3,13,37,00.707,-29,51,58.82,21.042,0.000,,,,
1930656,2,13,37,01.300,-29,51,54.93,23.314,0.000,,,,
1927547,2,13,37,00.859,-29,51,51.07,,,22.304,0.000,,
1929392,2,13,37,00.600,-29,51,56.26,,,,,,
1922968,2,13,37,00.809,-29,51,51.27,22.359,0.000,,,,
2173853,3,13,37,01.267,-29,51,57.62,21.470,0.000,,,,
1926431,2,13,37,01.301,-29,51,56.28,24.770,0.000,,,,
1933417,5,13,37,01.023,-29,52,00.06,22.609,0.000,21.974,0.000,,
1926879,3,13,37,00.592,-29,51,55.71,20.518,0.000,,,,
1927146,3,13,37,01.286,-29,51,57.15,21.961,0.000,,,,
1934879,2,13,37,01.240,-29,51,58.25,22.692,0.000,,,,
1938314,6,13,37,01.075,-29,51,59.89,21.461,0.000,21.643,0.000,,
1935157,6,13,37,00.997,-29,52,00.17,21.329,0.000,20.946,0.000,,
1937814,3,13,37,00.966,-29,52,00.20,21.357,0.000,,,,
1927507,7,13,37,00.788,-29,51,51.29,22.985,0.000,22.347,0.000,21.760,0.000
1932154,6,13,37,01.261,-29,51,57.97,21.851,0.000,21.731,0.000,,
1937220,2,13,37,00.833,-29,52,00.01,,,20.900,0.000,,
1926942,2,13,37,01.253,-29,51,52.85,23.261,0.000,,,,
1926136,2,13,37,00.805,-29,51,51.13,,,21.673,0.000,,
1925095,2,13,37,00.583,-29,51,55.25,,,,,,
1924255,2,13,37,00.716,-29,51,51.81,23.981,0.000,,,,
1935605,2,13,37,01.212,-29,51,58.87,,,,,,
1937313,6,13,37,00.895,-29,52,00.25,20.104,0.000,20.416,0.000,,
1926184,2,13,37,00.876,-29,52,00.22,,,,,,
1933774,3,13,37,01.283,-29,51,57.59,21.732,0.000,,,,
1938099,2,13,37,01.198,-29,51,59.08,,,,,,
1927048,2,13,37,00.579,-29,51,55.42,,,,,,
1929165,3,13,37,00.946,-29,52,00.35,20.617,0.000,,,,
1926766,2,13,37,00.634,-29,51,52.96,22.884,0.000,,,,
1931594,6,13,37,01.011,-29,52,00.29,22.079,0.000,21.607,0.000,,
1931219,3,13,37,00.842,-29,52,00.16,21.357,0.000,,,,
1925125,5,13,37,01.196,-29,51,51.84,22.656,0.000,21.876,0.064,,
1927143,2,13,37,01.310,-29,51,56.83,23.633,0.000,,,,
1925520,3,13,37,00.610,-29,51,53.47,24.002,0.000,,,,
1921736,2,13,37,00.746,-29,51,51.41,24.419,0.000,,,,
1935218,5,13,37,01.103,-29,51,59.97,,,23.283,0.000,22.148,0.000
1926259,2,13,37,00.864,-29,51,50.75,23.624,0.000,,,,
1922967,2,13,37,00.844,-29,51,50.82,22.604,0.000,,,,
1938541,2,13,37,01.250,-29,51,58.48,22.631,0.000,,,,
1930682,3,13,37,01.326,-29,51,55.04,,,23.849,0.000,22.700,0.000
2170315,2,13,37,00.900,-29,52,00.39,,,,,,
1926367,2,13,37,00.797,-29,51,51.00,22.473,0.000,,,,
1936505,4,13,37,01.290,-29,51,53.33,23.701,0.000,19.556,0.000,,
2184101,3,13,37,01.187,-29,51,59.37,22.403,0.000,,,,
1925277,2,13,37,00.637,-29,51,52.72,23.140,0.000,,,,
1927960,5,13,37,00.583,-29,51,56.78,,,22.533,0.000,20.744,0.000
1926570,5,13,37,00.676,-29,51,52.08,22.452,0.000,22.147,0.000,,
1927324,2,13,37,00.571,-29,51,54.96,,,,,,
1926341,4,13,37,00.720,-29,51,51.54,22.745,0.000,22.198,0.000,,
1922090,2,13,37,00.684,-29,51,51.94,22.853,0.000,,,,
1934904,6,13,37,01.175,-29,51,59.55,22.971,0.000,22.253,0.000,,
1933913,6,13,37,00.644,-29,51,58.53,19.732,0.000,19.537,0.000,,
1929581,6,13,37,00.626,-29,51,58.20,19.181,0.000,19.092,0.000,,
2170143,2,13,37,00.722,-29,51,59.54,,,,,,
1929181,6,13,37,00.955,-29,52,00.51,20.884,0.000,20.741,0.000,,
2170289,3,13,37,00.863,-29,52,00.38,20.860,0.000,,,,
1931589,3,13,37,00.983,-29,52,00.50,22.803,0.000,,,,
1932418,7,13,37,01.331,-29,51,54.81,23.335,0.000,23.071,0.000,23.419,0.000
1921575,2,13,37,00.698,-29,51,51.73,23.578,0.000,,,,
1926227,2,13,37,00.611,-29,51,53.11,23.505,0.000,,,,
1928686,3,13,37,00.567,-29,51,56.20,22.914,0.000,,,,
1938354,2,13,37,01.102,-29,52,00.16,,,,,,
1935518,3,13,37,01.232,-29,51,58.99,24.117,0.000,,,,
1924486,2,13,37,00.753,-29,51,51.13,22.851,0.000,,,,
1927161,2,13,37,01.025,-29,52,00.50,,,,,,
1925958,4,13,37,00.868,-29,51,50.51,23.163,0.000,23.128,0.000,22.746,0.000
1929892,3,13,37,01.172,-29,51,59.76,22.158,0.000,,,,
1926550,2,13,37,00.717,-29,51,51.36,22.773,0.000,,,,
1926069,2,13,37,00.606,-29,51,52.97,23.140,0.000,,,,
1937808,3,13,37,00.923,-29,52,00.65,21.269,0.000,,,,
1922788,5,13,37,01.261,-29,51,52.32,22.177,0.000,21.483,0.000,,
1932397,3,13,37,00.828,-29,52,00.43,21.451,0.000,,,,
1936076,3,13,37,00.951,-29,52,00.68,21.149,0.000,,,,
1925668,2,13,37,00.660,-29,51,51.97,22.963,0.000,,,,
1926581,2,13,37,00.820,-29,51,50.62,22.914,0.000,,,,
1930210,6,13,37,00.713,-29,51,59.66,21.197,0.000,19.884,0.000,,
1926713,7,13,37,00.551,-29,51,55.62,18.826,0.000,18.659,0.000,18.418,0.000
1926700,3,13,37,00.551,-29,51,55.38,18.757,0.000,17.849,0.000,,
1922092,2,13,37,00.784,-29,51,50.78,22.721,0.000,,,,
1933152,2,13,37,01.197,-29,51,59.61,,,22.260,0.000,,
1934719,2,13,37,01.277,-29,51,52.48,23.074,0.000,,,,
1926635,2,13,37,00.803,-29,51,50.63,22.683,0.000,,,,
1932526,4,13,37,01.277,-29,51,58.60,23.126,0.000,,,,
1926049,2,13,37,00.632,-29,51,52.27,22.942,0.000,,,,
2170237,6,13,37,00.793,-29,52,00.36,20.097,0.000,19.712,0.000,,
1934380,2,13,37,00.685,-29,51,59.49,21.608,0.000,,,,
1925236,2,13,37,00.740,-29,51,50.98,22.132,0.000,,,,
1927913,3,13,37,00.638,-29,51,58.91,22.752,0.000,,,,
1938535,2,13,37,01.330,-29,51,57.42,23.864,0.000,,,,
1925884,4,13,37,01.115,-29,51,50.66,,,23.306,0.000,21.890,0.000
2184121,3,13,37,01.167,-29,52,00.00,21.666,0.000,,,,
1925926,2,13,37,00.819,-29,51,50.47,23.071,0.000,,,,
1926375,2,13,37,00.872,-29,51,50.27,23.946,0.000,,,,
1926116,2,13,37,00.838,-29,51,50.37,23.225,0.000,,,,
1924470,2,13,37,00.749,-29,51,50.86,22.454,0.000,,,,
1936103,2,13,37,00.972,-29,52,00.85,,,,,,
1938120,2,13,37,01.147,-29,52,00.21,22.210,0.000,,,,
1938556,3,13,37,01.138,-29,52,00.28,21.903,0.000,,,,
1934936,2,13,37,01.316,-29,51,58.03,24.056,0.000,,,,
1929156,3,13,37,00.887,-29,52,00.84,22.014,0.000,,,,
1926538,3,13,37,00.616,-29,51,52.29,23.143,0.000,,,,
1938620,3,13,37,01.286,-29,51,58.71,23.437,0.000,,,,
1922128,3,13,37,00.549,-29,51,56.97,21.193,0.000,,,,
1926055,2,13,37,00.584,-29,51,52.94,23.458,0.000,,,,
1927532,3,13,37,00.538,-29,51,54.67,21.646,0.000,,,,
1933458,3,13,37,01.255,-29,51,51.79,,,22.083,0.000,,
1934895,2,13,37,01.346,-29,51,57.27,24.194,0.000,,,,
1926317,2,13,37,00.603,-29,51,52.47,25.040,0.000,,,,
1931068,3,13,37,00.681,-29,51,59.69,20.739,0.000,,,,
1923242,5,13,37,00.531,-29,51,55.62,17.710,0.000,17.671,0.000,,
1931506,3,13,37,00.588,-29,51,58.27,21.433,0.000,,,,
1937751,2,13,37,01.307,-29,51,58.40,23.979,0.000,,,,
1933930,2,13,37,01.250,-29,51,51.67,23.068,0.000,,,,
1935052,3,13,37,00.916,-29,52,00.97,21.573,0.000,,,,
1933495,2,13,37,01.278,-29,51,52.07,23.236,0.000,,,,
1924553,2,13,37,00.729,-29,51,50.84,21.879,0.000,,,,
1935316,3,13,37,01.204,-29,51,59.88,23.242,0.000,,,,
1924572,2,13,37,00.795,-29,51,50.40,23.444,0.000,,,,
1936059,6,13,37,00.906,-29,52,01.03,21.104,0.000,20.709,0.000,,
1921596,2,13,37,00.746,-29,51,50.64,22.484,0.000,,,,
1926893,3,13,37,00.532,-29,51,56.65,20.197,0.000,,,,
1927653,3,13,37,00.955,-29,51,49.96,24.063,0.000,,,,
1935711,3,13,37,01.043,-29,52,00.96,23.008,0.000,,,,
1932871,3,13,37,00.889,-29,52,01.03,22.884,0.000,,,,
1934941,2,13,37,01.340,-29,51,57.84,25.141,0.000,,,,
1936882,5,13,37,00.992,-29,52,01.08,22.871,0.000,,,,
1927812,6,13,37,01.147,-29,52,00.49,21.418,0.000,21.593,0.000,,
1922693,3,13,37,00.777,-29,51,50.38,23.625,0.000,,,,
1935568,2,13,37,01.378,-29,51,54.85,22.970,0.000,,,,
1924473,2,13,37,00.814,-29,51,50.18,23.018,0.000,,,,
1937771,5,13,37,01.248,-29,51,59.57,22.742,0.260,22.094,0.000,,
1935656,3,13,37,01.177,-29,52,00.29,21.486,0.000,,,,
1935661,3,13,37,01.264,-29,51,59.37,23.056,0.000,22.358,0.000,,
1934965,6,13,37,01.187,-29,52,00.20,21.254,0.000,21.395,0.000,,
1931891,2,13,37,01.007,-29,52,01.09,,,,,,
1927157,3,13,37,00.965,-29,52,01.14,21.585,0.000,,,,
2170187,3,13,37,00.720,-29,52,00.29,19.456,0.000,,,,
1927148,6,13,37,00.946,-29,52,01.15,20.868,0.000,20.205,0.000,,
1935723,6,13,37,01.358,-29,51,57.44,24.125,0.000,23.425,0.000,22.373,0.000
1926773,3,13,37,00.525,-29,51,54.38,22.302,0.000,,,,
1921529,4,13,37,00.654,-29,51,51.36,23.452,0.000,22.149,0.000,,
1933173,2,13,37,01.315,-29,51,58.60,23.844,0.000,,,,
1924408,2,13,37,00.562,-29,51,52.92,24.444,0.000,,,,
1929564,6,13,37,00.579,-29,51,58.49,20.783,0.000,20.239,0.000,,
1938148,2,13,37,01.308,-29,51,58.75,23.883,0.000,,,,
1931354,3,13,37,01.201,-29,52,00.17,22.034,0.000,,,,
1924531,4,13,37,00.684,-29,51,50.99,22.774,0.000,21.995,0.000,,
1929176,2,13,37,01.388,-29,51,55.32,23.574,0.000,,,,
1926015,5,13,37,00.719,-29,51,50.65,21.591,0.000,21.112,0.000,,
1932168,2,13,37,01.378,-29,51,56.85,,,24.505,0.000,22.959,0.000
1925617,2,13,37,00.752,-29,51,50.40,22.296,0.000,,,,
1925676,3,13,37,00.534,-29,51,53.65,19.502,0.000,,,,
1929395,2,13,37,00.528,-29,51,57.17,21.418,0.000,,,,
1929556,3,13,37,01.216,-29,51,50.90,,,23.424,0.000,21.769,0.000
1931915,4,13,37,01.374,-29,51,57.19,24.483,0.000,24.065,0.000,23.432,0.000
1926537,3,13,37,00.544,-29,51,53.14,22.655,0.000,,,,
1926615,9,13,37,00.532,-29,51,53.49,19.419,0.000,19.084,0.049,18.606,0.000
2159863,2,13,37,00.786,-29,51,50.11,23.155,0.000,,,,
1933727,6,13,37,00.906,-29,52,01.29,22.067,0.000,21.211,0.000,,
1937877,2,13,37,00.816,-29,52,01.06,20.739,0.000,,,,
1932108,2,13,37,00.631,-29,51,59.59,19.397,0.000,,,,
1925036,2,13,37,00.953,-29,51,49.68,,,22.136,0.000,,
1938259,9,13,37,01.400,-29,51,55.53,22.293,0.061,21.188,1.185,21.714,0.000
1931862,5,13,37,00.930,-29,52,01.37,,,21.109,0.000,,
1938125,3,13,37,01.071,-29,52,01.17,23.213,0.000,,,,
1929032,4,13,37,01.071,-29,51,49.84,24.209,0.000,23.691,0.000,22.485,0.000
1938632,2,13,37,01.354,-29,51,58.18,,,24.973,0.000,23.668,0.000
1929804,3,13,37,00.583,-29,51,58.96,19.824,0.000,,,,
1923673,2,13,37,00.725,-29,51,50.40,,,,,,
1938158,2,13,37,01.315,-29,51,59.03,24.456,0.000,,,,
1931746,2,13,37,00.728,-29,52,00.68,,,,,,
1926583,2,13,37,00.906,-29,51,49.62,24.213,0.000,,,,
1926289,2,13,37,01.007,-29,51,49.62,23.832,0.000,,,,
1927986,2,13,37,01.174,-29,51,50.33,23.606,0.000,,,,
1934922,3,13,37,01.050,-29,52,01.31,20.249,0.000,,,,
1935950,3,13,37,01.183,-29,52,00.64,21.645,0.000,,,,
1931119,2,13,37,01.194,-29,51,50.47,,,,,,
1931312,2,13,37,00.878,-29,52,01.40,,,,,,
1932226,2,13,37,00.642,-29,51,59.93,,,,,,
1925006,2,13,37,00.704,-29,51,50.47,22.149,0.000,,,,
1922667,4,13,37,00.744,-29,51,50.17,22.071,0.000,21.461,0.000,,
1925533,4,13,37,00.491,-29,51,55.13,,,,,,
1934033,2,13,37,01.337,-29,51,52.27,23.863,0.000,,,,
1937785,2,13,37,01.404,-29,51,54.54,23.592,0.000,,,,
1932806,2,13,37,00.718,-29,52,00.69,,,21.311,0.000,,
1933177,3,13,37,01.102,-29,52,01.18,21.254,0.000,,,,
1935035,2,13,37,00.855,-29,52,01.39,,,,,,
1937108,2,13,37,01.411,-29,51,55.07,23.662,0.000,,,,
1937732,3,13,37,01.015,-29,52,01.47,22.390,0.000,,,,
2184165,6,13,37,01.161,-29,52,00.89,20.752,0.000,20.908,0.000,,
1938172,3,13,37,01.308,-29,51,59.38,23.264,0.000,,,,
1938656,2,13,37,01.346,-29,51,58.71,23.596,0.000,,,,
1930783,6,13,37,00.621,-29,51,59.83,19.621,0.000,19.617,0.000,20.014,0.000
1931146,3,13,37,00.546,-29,51,58.58,20.672,0.000,,,,
1928604,4,13,37,01.205,-29,51,50.41,23.315,0.000,,,,
1931959,3,13,37,00.824,-29,52,01.38,21.277,0.000,,,,
1932723,6,13,37,00.678,-29,52,00.47,19.458,0.000,19.441,0.000,,
1933931,4,13,37,00.591,-29,51,59.43,,,19.761,0.000,,
1935359,2,13,37,01.337,-29,51,58.96,24.223,0.000,,,,
1937613,2,13,37,01.415,-29,51,54.64,23.721,0.000,,,,
1935196,3,13,37,00.929,-29,52,01.62,,,21.389,0.000,,
1924229,7,13,37,00.869,-29,51,49.48,23.069,0.000,23.145,0.000,22.873,0.000
1924270,4,13,37,00.481,-29,51,54.94,,,17.419,0.000,,
1934418,2,13,37,01.278,-29,51,59.92,24.333,0.000,,,,
1927045,3,13,37,00.484,-29,51,56.49,19.692,0.000,,,,
1925386,4,13,37,00.714,-29,51,50.20,22.937,0.000,21.775,0.000,,
1929450,5,13,37,01.203,-29,51,50.31,,,22.470,0.000,21.334,0.000
1934552,6,13,37,00.736,-29,52,01.01,22.435,0.000,19.111,0.000,,
1938263,2,13,37,01.424,-29,51,55.44,23.417,0.000,,,,
1922276,3,13,37,01.216,-29,51,50.40,,,22.092,0.000,,
1927245,2,13,37,01.015,-29,51,49.38,24.002,0.000,,,,
1924388,2,13,37,00.798,-29,51,49.64,22.877,0.000,,,,
1925493,2,13,37,00.924,-29,51,49.32,24.080,0.000,,,,
1937521,3,13,37,01.202,-29,52,00.77,22.224,0.000,,,,
1934307,6,13,37,00.749,-29,52,01.14,22.649,0.000,21.055,0.000,,
1929529,2,13,37,01.212,-29,51,50.32,22.834,0.000,,,,
1922085,3,13,37,00.482,-29,51,54.24,21.270,0.000,,,,
1922971,11,13,37,00.471,-29,51,55.27,18.675,0.000,18.706,0.000,18.900,0.000
1934258,3,13,37,00.700,-29,52,00.83,21.697,0.000,,,,
1930360,3,13,37,00.525,-29,51,58.41,20.905,0.000,,,,
1932454,7,13,37,01.429,-29,51,54.99,22.986,0.000,22.557,0.000,21.938,0.000
2184176,3,13,37,01.159,-29,52,01.14,21.451,0.000,,,,
1932515,2,13,37,01.429,-29,51,56.16,23.832,0.000,,,,
1927693,2,13,37,00.472,-29,51,56.31,,,,,,
1934379,3,13,37,01.339,-29,51,51.80,,,23.777,0.000,23.050,0.000
1938675,2,13,37,01.353,-29,51,58.96,23.860,0.000,,,,
1937499,3,13,37,01.402,-29,51,57.73,,,24.321,0.000,22.878,0.000
1935650,2,13,37,01.054,-29,52,01.64,,,,,,
1923277,4,13,37,01.102,-29,51,49.55,,,24.410,0.000,21.317,0.000
1922523,3,13,37,00.584,-29,51,59.62,19.173,0.000,,,,
1932899,3,13,37,00.865,-29,52,01.70,21.486,0.000,,,,
1933579,8,13,37,01.372,-29,51,52.43,22.546,0.000,22.094,0.044,21.294,0.000
1935903,2,13,37,01.010,-29,52,01.77,,,,,,
1930912,2,13,37,00.592,-29,51,59.77,19.363,0.000,,,,
1926206,2,13,37,00.798,-29,52,01.52,,,,,,
1930017,2,13,37,01.184,-29,51,49.96,23.444,0.000,,,,
1934498,3,13,37,00.841,-29,52,01.68,20.603,0.000,,,,
1925055,2,13,37,00.463,-29,51,55.85,19.266,0.000,,,,
1933781,2,13,37,01.437,-29,51,55.91,23.390,0.000,,,,
1934993,2,13,37,01.138,-29,52,01.36,21.831,0.000,,,,
1929798,2,13,37,00.554,-29,51,59.22,19.644,0.000,,,,
1930043,2,13,37,01.200,-29,51,50.06,23.729,0.000,,,,
1922298,4,13,37,01.243,-29,51,50.41,22.964,0.000,22.228,0.000,,
1932400,5,13,37,00.758,-29,52,01.37,,,21.540,0.000,,
2163369,3,13,37,00.566,-29,51,59.48,19.472,0.000,,,,
1922664,4,13,37,00.792,-29,51,49.47,22.504,0.000,21.907,0.000,,
1934501,2,13,37,01.437,-29,51,54.75,23.679,0.000,,,,
2184173,3,13,37,01.124,-29,52,01.48,21.412,0.000,,,,
1931960,10,13,37,01.431,-29,51,54.24,23.917,0.000,22.017,0.060,19.968,0.000
1936157,3,13,37,01.189,-29,52,01.10,22.116,0.000,,,,
1932563,3,13,37,01.098,-29,52,01.61,22.215,0.000,,,,
2184195,2,13,37,01.347,-29,51,59.30,23.501,0.000,,,,
1936550,4,13,37,00.710,-29,52,01.12,,,,,,
1924205,2,13,37,00.864,-29,51,49.17,23.510,0.000,,,,
1932191,3,13,37,00.997,-29,52,01.93,21.507,0.000,,,,
2170123,3,13,37,00.622,-29,52,00.36,20.588,0.000,,,,
1931855,2,13,37,01.446,-29,51,55.20,23.208,0.000,,,,
1929272,2,13,37,01.152,-29,51,49.58,25.264,0.000,,,,
1932179,2,13,37,00.964,-29,52,02.01,,,,,,
1938345,2,13,37,00.932,-29,52,02.02,,,,,,
1922428,6,13,37,00.448,-29,51,55.39,17.560,0.000,18.119,0.000,,
2163311,2,13,37,00.516,-29,51,58.80,20.232,0.000,,,,
1937656,2,13,37,01.450,-29,51,54.87,24.089,0.000,,,,
1935926,3,13,37,01.037,-29,52,01.95,20.083,0.000,,,,
1923435,3,13,37,00.643,-29,52,00.69,21.215,0.000,,,,
1935578,3,13,37,00.803,-29,52,01.78,20.450,0.000,,,,
1935965,2,13,37,01.407,-29,51,58.27,,,24.722,0.000,22.890,0.000
1938434,2,13,37,01.345,-29,51,59.57,24.161,0.000,,,,
1937549,2,13,37,01.286,-29,52,00.39,24.056,0.000,,,,
1923038,6,13,37,01.106,-29,51,49.27,,,22.889,0.000,22.692,0.000
1932691,4,13,37,01.361,-29,51,51.71,24.116,0.000,23.325,0.000,23.220,0.000
1922562,3,13,37,00.520,-29,51,58.97,19.872,0.000,,,,
1934103,3,13,37,00.687,-29,52,01.14,22.235,0.000,,,,
1928275,2,13,37,00.471,-29,51,57.66,,,,,,
1932600,3,13,37,01.148,-29,52,01.58,21.532,0.000,,,,
1929204,2,13,37,00.859,-29,52,02.01,,,,,,
1938839,3,13,37,01.086,-29,52,01.88,22.497,0.000,,,,
1928348,2,13,37,01.321,-29,52,00.05,24.225,0.000,,,,
1926019,2,13,37,00.457,-29,51,53.80,21.329,0.000,,,,
1935121,3,13,37,00.599,-29,52,00.33,20.940,0.000,,,,
1936202,4,13,37,01.406,-29,51,58.48,24.904,0.000,24.064,0.000,22.691,0.000
1934326,2,13,37,00.573,-29,52,00.01,,,,,,
1933664,2,13,37,01.312,-29,52,00.22,24.121,0.000,,,,
1925551,2,13,37,00.520,-29,51,51.87,24.075,0.000,,,,
1931938,2,13,37,01.444,-29,51,53.69,22.407,0.000,,,,
2170229,8,13,37,01.420,-29,51,52.83,23.090,0.000,22.241,0.082,21.326,0.000
1938192,3,13,37,01.138,-29,52,01.72,20.857,0.000,,,,
2159855,2,13,37,00.888,-29,51,48.88,22.939,0.000,,,,
1934925,3,13,37,00.982,-29,52,02.18,21.207,0.000,,,,
1926549,3,13,37,00.442,-29,51,54.54,19.665,0.000,,,,
1921640,7,13,37,00.974,-29,51,48.82,23.455,0.000,23.296,0.000,23.409,0.000
1927607,3,13,37,00.443,-29,51,56.73,20.704,0.000,,,,
2159904,2,13,37,00.936,-29,51,48.78,23.200,0.000,,,,
1927684,3,13,37,00.437,-29,51,56.44,21.087,0.000,,,,
2170167,3,13,37,00.645,-29,52,00.95,22.081,0.000,,,,
1926208,7,13,37,01.453,-29,51,53.85,22.342,0.000,22.103,0.000,,
1923162,4,13,37,00.803,-29,51,49.04,22.514,0.000,20.365,0.000,,
1934254,3,13,37,00.665,-29,52,01.18,21.724,0.000,,,,
2173818,2,13,37,00.838,-29,52,02.14,,,,,,
1935457,2,13,37,01.473,-29,51,55.01,23.722,0.000,,,,
1935608,2,13,37,00.924,-29,52,02.33,,,,,,
1927196,3,13,37,00.939,-29,52,02.34,20.509,0.000,,,,
1924401,3,13,37,00.433,-29,51,54.28,21.014,0.000,,,,
1930478,3,13,37,00.575,-29,52,00.29,20.337,0.000,,,,
1929993,5,13,37,01.180,-29,51,49.36,24.195,0.000,22.860,0.000,22.024,0.000
1927566,2,13,37,01.068,-29,51,48.84,,,24.389,0.000,22.827,0.000
1924209,2,13,37,00.914,-29,51,48.68,23.232,0.000,,,,
1929485,2,13,37,00.471,-29,51,58.35,21.308,0.000,,,,
1931349,2,13,37,01.466,-29,51,56.89,24.257,0.000,,,,
1925579,2,13,37,00.823,-29,51,48.86,23.621,0.000,,,,
1938852,2,13,37,01.445,-29,51,57.85,,,,,,
1924784,2,13,37,00.900,-29,51,48.68,23.154,0.000,,,,
1929749,3,13,37,01.384,-29,51,51.57,,,23.455,0.000,22.335,0.000
1924929,2,13,37,01.430,-29,51,52.62,23.158,0.000,,,,
1938296,2,13,37,00.884,-29,52,02.34,18.732,0.000,,,,
1934628,2,13,37,00.754,-29,52,01.90,22.667,0.000,,,,
1931565,2,13,37,00.811,-29,52,02.15,,,,,,
1921433,7,13,37,00.510,-29,51,51.67,,,23.088,0.000,22.046,0.000
1938847,2,13,37,01.063,-29,52,02.28,,,,,,
1933382,2,13,37,01.471,-29,51,54.07,23.227,0.000,,,,
1937566,3,13,37,00.730,-29,52,01.83,22.720,0.000,,,,
2170290,2,13,37,01.459,-29,51,53.37,23.282,0.000,,,,
1933185,3,13,37,01.005,-29,52,02.44,19.406,0.000,,,,
1935357,3,13,37,01.047,-29,52,02.37,19.572,0.000,,,,
1928322,3,13,37,00.471,-29,51,58.65,21.646,0.000,,,,
1929905,4,13,37,01.413,-29,51,51.97,,,22.993,0.000,22.820,0.000
1934635,5,13,37,01.467,-29,51,53.62,,,22.441,0.000,22.157,0.000
2184224,3,13,37,01.146,-29,52,02.03,21.295,0.000,,,,
1929359,7,13,37,00.526,-29,51,59.85,21.888,0.000,21.186,0.391,21.064,0.000
1923804,3,13,37,00.464,-29,51,52.46,24.005,0.000,23.520,0.000,23.066,0.000
1934578,3,13,37,00.706,-29,52,01.77,19.890,0.000,,,,
1925669,3,13,37,00.411,-29,51,54.92,20.120,0.000,,,,
1935030,2,13,37,00.779,-29,52,02.19,,,,,,
1938332,5,13,37,00.874,-29,52,02.48,18.699,0.000,18.659,0.000,,
1928239,2,13,37,00.513,-29,51,59.67,,,,,,
1934115,3,13,37,00.669,-29,52,01.53,21.917,0.000,,,,
1922710,2,13,37,00.530,-29,51,51.04,,,,,,
1927966,3,13,37,00.454,-29,51,58.39,20.985,0.000,,,,
1932354,4,13,37,01.403,-29,51,51.60,24.246,0.000,23.336,0.000,22.594,0.000
1935742,3,13,37,00.952,-29,52,02.59,19.723,0.000,,,,
2159835,2,13,37,00.418,-29,51,54.01,21.753,0.000,,,,
1924267,2,13,37,01.021,-29,51,48.47,,,24.998,0.000,23.223,0.000
2161276,3,13,37,00.413,-29,51,56.78,21.487,0.000,,,,
1928344,3,13,37,01.128,-29,52,02.24,20.978,0.000,,,,
1932885,2,13,37,01.487,-29,51,54.15,23.930,0.000,,,,
1923051,4,13,37,00.425,-29,51,57.53,18.721,0.000,,,,
1934471,4,13,37,01.398,-29,51,59.63,24.295,0.000,24.052,0.000,22.631,0.000
1933093,2,13,37,01.421,-29,51,59.16,,,24.796,0.000,23.069,0.000
1933848,2,13,37,01.465,-29,51,53.03,23.282,0.000,,,,
1936592,3,13,37,01.102,-29,52,02.39,21.688,0.000,,,,
1933025,4,13,37,01.349,-29,51,50.57,24.167,0.000,23.252,0.000,21.892,0.000
1935718,2,13,37,00.909,-29,52,02.66,,,,,,
1920068,5,13,37,00.564,-29,51,50.37,23.817,0.000,23.051,0.000,22.106,0.000
1938391,3,13,37,01.006,-29,52,02.67,19.062,0.000,,,,
1930361,2,13,37,01.271,-29,51,49.65,24.007,0.000,,,,
1927032,2,13,37,00.408,-29,51,57.07,,,,,,
1926859,4,13,37,00.414,-29,51,57.41,18.692,0.000,18.500,0.000,,
1928389,2,13,37,01.294,-29,52,01.19,24.509,0.000,,,,
1934560,3,13,37,00.675,-29,52,01.81,21.300,0.000,,,,
1937523,2,13,37,01.486,-29,51,57.45,23.253,0.000,,,,
1933669,3,13,37,01.143,-29,52,02.33,21.511,0.000,,,,
1938612,3,13,37,00.934,-29,52,02.78,19.865,0.000,,,,
1930555,2,13,37,00.467,-29,51,59.17,,,,,,
1926391,3,13,37,00.738,-29,52,02.24,19.556,0.000,,,,
1934169,3,13,37,00.692,-29,52,01.97,20.445,0.000,,,,
1921239,4,13,37,00.514,-29,51,50.93,,,23.643,0.000,22.228,0.000
1923183,5,13,37,00.888,-29,51,48.26,24.147,0.000,21.587,2.168,22.333,0.000
1921794,3,13,37,00.398,-29,51,56.82,20.875,0.000,,,,
1929320,3,13,37,00.486,-29,51,59.63,21.526,0.000,,,,
1930168,2,13,37,00.433,-29,51,58.39,,,,,,
1936278,6,13,37,01.492,-29,51,57.54,,,22.262,0.098,21.476,0.000
1936036,4,13,37,01.495,-29,51,53.63,22.757,0.000,22.424,0.000,,
1937859,3,13,37,00.702,-29,52,02.11,20.684,0.000,,,,
1929987,2,13,37,00.424,-29,51,58.18,,,,,,
1936222,2,13,37,01.481,-29,51,58.01,24.599,0.000,,,,
1921825,3,13,37,00.389,-29,51,56.46,21.155,0.000,,,,
2170096,3,13,37,01.389,-29,51,50.85,25.226,0.000,23.993,0.000,22.751,0.000
1922718,4,13,37,00.445,-29,51,52.14,24.269,0.000,24.106,0.000,22.654,0.000
1935563,2,13,37,01.496,-29,51,53.37,23.629,0.000,,,,
2184250,2,13,37,01.188,-29,52,02.25,24.138,0.000,,,,
1937821,10,13,37,00.781,-29,52,02.60,20.426,0.000,20.366,0.029,20.428,0.000
1929525,4,13,37,01.279,-29,51,49.44,,,23.026,0.000,22.518,0.000
1924742,3,13,37,00.393,-29,51,53.88,22.428,0.000,,,,
1920600,2,13,37,00.632,-29,51,49.32,23.524,0.000,,,,
1935368,13,13,37,01.013,-29,52,02.92,18.792,0.024,18.928,0.009,18.976,0.000
1925077,3,13,37,00.392,-29,51,57.24,19.661,0.000,,,,
1938140,2,13,37,00.938,-29,52,02.97,,,,,,
1938250,2,13,37,01.514,-29,51,54.10,24.206,0.000,,,,
1923574,5,13,37,00.475,-29,51,51.30,,,23.223,0.000,22.855,0.000
1935212,2,13,37,00.848,-29,52,02.87,18.517,0.000,,,,
1933581,2,13,37,01.442,-29,51,51.63,,,24.265,0.000,23.493,0.000
1932145,3,13,37,01.417,-29,51,51.12,,,24.211,0.000,22.599,0.000
2173801,2,13,37,01.511,-29,51,53.81,23.802,0.000,,,,
1925046,3,13,37,00.380,-29,51,56.62,20.570,0.000,,,,
1926746,2,13,37,00.402,-29,51,57.86,,,,,,
1931520,3,13,37,00.477,-29,51,59.82,20.096,0.000,,,,
1933245,3,13,37,00.634,-29,52,01.83,20.212,0.000,,,,
1934155,3,13,37,00.663,-29,52,02.07,20.959,0.000,,,,
1933845,3,13,37,00.680,-29,52,02.20,20.537,0.000,,,,
1925252,3,13,37,00.369,-29,51,55.46,20.958,0.000,,,,
1932050,5,13,37,00.457,-29,51,59.52,19.314,0.000,,,,
1936308,3,13,37,01.109,-29,52,02.78,20.888,0.000,,,,
1938567,4,13,37,00.922,-29,52,03.08,21.853,0.000,,,,
1922197,3,13,37,00.429,-29,51,58.92,19.457,0.000,,,,
1924432,5,13,37,00.949,-29,51,47.90,23.023,0.000,22.381,0.000,,
1938344,6,13,37,00.844,-29,52,03.01,18.705,0.000,18.423,0.000,,
1921999,2,13,37,00.405,-29,51,58.32,,,,,,
1920580,3,13,37,00.538,-29,51,50.08,,,24.051,0.000,22.323,0.000
1921735,3,13,37,00.364,-29,51,55.89,20.610,0.000,,,,
1926628,3,13,37,00.363,-29,51,55.66,,,20.432,0.000,,
1930767,10,13,37,00.521,-29,52,00.74,17.870,0.373,18.320,0.066,18.352,0.000
1928246,3,13,37,00.479,-29,52,00.11,20.019,0.000,,,,
1925779,3,13,37,00.627,-29,52,01.92,20.190,0.000,,,,
1930743,3,13,37,01.380,-29,51,50.26,24.852,0.000,23.899,0.000,23.463,0.000
1927620,2,13,37,00.385,-29,51,57.72,,,,,,
1936275,2,13,37,01.471,-29,51,59.12,,,,,,
1937846,2,13,37,00.793,-29,52,02.91,19.267,0.000,,,,
1925775,2,13,37,00.360,-29,51,55.15,22.688,0.000,,,,
1925317,3,13,37,00.366,-29,51,56.70,20.914,0.000,,,,
1921205,2,13,37,00.555,-29,51,49.79,24.443,0.000,,,,
1931273,2,13,37,00.717,-29,52,02.59,,,,,,
1932671,2,13,37,00.693,-29,52,02.46,,,,,,
1924654,8,13,37,00.569,-29,52,01.42,16.803,0.000,16.923,0.000,17.292,0.000
1934988,5,13,37,00.973,-29,52,03.23,18.725,0.000,,,,
1936452,3,13,37,01.166,-29,52,02.72,23.243,0.000,,,,
1938606,3,13,37,00.893,-29,52,03.21,21.300,0.000,,,,
1924177,2,13,37,00.821,-29,51,47.95,,,24.340,0.000,22.539,0.000
1936183,2,13,37,01.057,-29,52,03.13,,,,,,
1938191,3,13,37,01.005,-29,52,03.23,18.427,0.000,,,,
1936392,3,13,37,00.585,-29,52,01.64,18.826,0.000,,,,
1923805,3,13,37,00.372,-29,51,53.56,22.501,0.000,,,,
1934280,3,13,37,00.636,-29,52,02.13,21.018,0.000,,,,
1919754,2,13,37,00.611,-29,51,49.09,23.715,0.000,,,,
1939102,4,13,37,01.517,-29,51,58.05,24.101,0.000,23.520,0.000,22.997,0.000
1938545,2,13,37,01.549,-29,51,55.14,24.048,0.000,,,,
1925519,2,13,37,00.355,-29,51,56.45,21.990,0.000,,,,
2184078,3,13,37,00.839,-29,52,03.18,,,,,,
1918721,2,13,37,00.414,-29,51,51.95,23.161,0.000,,,,
1923353,3,13,37,00.362,-29,51,53.84,22.336,0.000,,,,
1930882,3,13,37,00.483,-29,52,00.46,20.572,0.000,,,,
1935169,2,13,37,00.771,-29,52,03.00,,,,,,
1927149,2,13,37,01.546,-29,51,54.10,23.217,0.000,,,,
1919988,5,13,37,00.455,-29,51,50.93,,,24.145,0.000,22.022,0.000
1928947,2,13,37,01.357,-29,52,01.38,24.321,0.000,,,,
2159726,3,13,37,00.409,-29,51,51.90,23.136,0.000,,,,
1934968,3,13,37,00.919,-29,52,03.41,22.018,0.000,,,,
1935705,4,13,37,01.556,-29,51,54.80,24.034,0.000,23.327,0.000,22.982,0.000
1922822,3,13,37,00.539,-29,52,01.36,,,,,,
1932356,4,13,37,00.557,-29,52,01.60,,,,,,
1929183,2,13,37,00.745,-29,52,03.00,21.490,0.000,,,,
1937570,2,13,37,00.671,-29,52,02.59,,,,,,
1925491,2,13,37,00.340,-29,51,56.15,21.536,0.000,,,,
1935560,3,13,37,00.696,-29,52,02.76,20.435,0.000,,,,
2184120,2,13,37,00.875,-29,52,03.42,,,,,,
1934166,3,13,37,00.646,-29,52,02.45,21.105,0.000,,,,
1938703,3,13,37,01.104,-29,52,03.25,21.886,0.000,,,,
1922444,2,13,37,00.345,-29,51,56.97,,,,,,
1933537,3,13,37,01.129,-29,52,03.17,22.390,0.000,,,,
1935313,3,13,37,00.891,-29,52,03.51,20.770,0.000,,,,
1920032,3,13,37,00.701,-29,51,48.14,,,23.820,0.000,22.939,0.000
1925420,2,13,37,00.336,-29,51,56.54,21.740,0.000,,,,
1926744,2,13,37,00.367,-29,51,58.23,18.928,0.000,,,,
1935487,2,13,37,00.807,-29,52,03.36,,,,,,
1925522,2,13,37,01.103,-29,51,47.70,23.657,0.000,,,,
2184277,3,13,37,01.163,-29,52,03.10,23.503,0.000,,,,
1921784,2,13,37,01.144,-29,51,47.83,23.596,0.000,,,,
1929127,3,13,37,00.472,-29,52,00.67,20.333,0.000,,,,
1924705,3,13,37,01.487,-29,51,51.45,25.255,0.000,24.365,0.000,23.081,0.000
1920552,5,13,37,00.458,-29,51,50.56,17.925,0.000,25.200,0.000,22.494,0.000
1930442,4,13,37,01.407,-29,51,50.02,24.881,0.000,23.845,0.000,23.023,0.000
1920366,2,13,37,00.377,-29,51,52.37,23.443,0.000,,,,
1927438,2,13,37,00.381,-29,51,58.84,,,,,,
1938857,3,13,37,00.959,-29,52,03.62,19.624,0.000,,,,
1921156,2,13,37,00.384,-29,51,52.09,23.175,0.000,,,,
1939068,7,13,37,01.567,-29,51,56.75,23.344,0.000,22.840,0.000,22.632,0.000
1936052,3,13,37,00.722,-29,52,03.08,21.233,0.000,,,,
2184087,2,13,37,01.571,-29,51,54.64,23.357,0.000,,,,
1931791,2,13,37,01.390,-29,51,49.73,,,,,,
1930048,3,13,37,01.308,-29,51,48.84,,,25.464,0.000,23.097,0.000
1928439,7,13,37,00.537,-29,52,01.63,16.965,0.000,17.045,0.000,,
1936008,2,13,37,01.538,-29,51,52.70,25.084,0.000,,,,
1928194,4,13,37,00.424,-29,51,59.96,17.272,0.000,,,,
1928325,2,13,37,00.401,-29,51,59.48,18.864,0.000,,,,
2173852,2,13,37,00.778,-29,52,03.37,20.543,0.000,,,,
1935513,2,13,37,00.835,-29,52,03.55,,,,,,
1937320,2,13,37,00.680,-29,52,02.89,,,,,,
2170214,2,13,37,00.599,-29,52,02.30,,,,,,
1928015,15,13,37,00.414,-29,51,59.79,17.411,0.464,17.691,0.252,17.829,0.000
1925154,3,13,37,00.472,-29,52,00.88,20.009,0.000,,,,
1923712,2,13,37,00.341,-29,51,53.34,23.325,0.000,,,,
1938159,2,13,37,00.917,-29,52,03.72,22.533,0.000,,,,
1926779,3,13,37,00.326,-29,51,56.78,21.277,0.000,,,,
1935232,3,13,37,01.076,-29,52,03.58,21.390,0.000,,,,
1928387,3,13,37,01.090,-29,52,03.56,21.681,0.000,,,,
1938868,2,13,37,00.973,-29,52,03.75,,,,,,
1926759,3,13,37,00.319,-29,51,56.50,,,21.529,0.000,,
1920063,2,13,37,00.349,-29,51,52.76,23.110,0.000,,,,
1926667,4,13,37,01.123,-29,51,47.54,23.062,0.000,,,,
2173863,9,13,37,01.580,-29,51,54.11,22.183,0.253,21.346,0.032,20.713,0.000
1924239,2,13,37,00.313,-29,51,56.26,21.685,0.000,,,,
1933667,3,13,37,01.578,-29,51,57.10,,,23.504,0.000,22.980,0.000
2159686,2,13,37,00.669,-29,51,48.03,,,23.896,0.000,23.435,0.000
1935812,2,13,37,01.583,-29,51,56.84,23.395,0.000,,,,
1921680,3,13,37,00.315,-29,51,54.41,23.689,0.000,22.484,0.000,,
1935505,3,13,37,00.813,-29,52,03.66,19.574,0.000,,,,
1927529,2,13,37,00.321,-29,51,57.20,,,,,,
1931935,3,13,37,00.656,-29,52,02.95,21.590,0.000,,,,
1935122,4,13,37,01.454,-29,51,50.30,23.695,0.000,22.995,0.000,22.354,0.000
1924844,3,13,37,00.309,-29,51,54.69,23.238,0.000,22.113,0.000,,
1925040,6,13,37,01.145,-29,51,47.51,,,22.497,0.000,22.033,0.000
1930883,3,13,37,00.452,-29,52,00.85,20.575,0.000,,,,
1936743,2,13,37,01.513,-29,51,51.40,23.775,0.103,,,,
1921960,12,13,37,00.341,-29,51,58.32,16.327,0.000,16.191,0.000,,
1938597,2,13,37,00.886,-29,52,03.87,21.733,0.000,,,,
1939205,3,13,37,01.148,-29,52,03.51,23.132,0.000,,,,
1934483,3,13,37,00.686,-29,52,03.19,22.104,0.000,,,,
1937063,2,13,37,01.178,-29,52,03.40,23.837,0.000,,,,
1926096,5,13,37,01.072,-29,51,47.23,23.628,0.000,22.862,0.000,22.169,0.000
1923622,2,13,37,00.310,-29,51,54.12,24.142,0.000,,,,
1931341,3,13,37,00.858,-29,52,03.86,21.569,0.000,,,,
1933415,3,13,37,00.731,-29,52,03.46,21.726,0.000,,,,
1935344,3,13,37,01.600,-29,51,55.60,24.238,0.000,23.819,0.000,23.263,0.000
1936129,3,13,37,00.895,-29,52,03.93,21.198,0.000,,,,
1923496,2,13,37,00.330,-29,51,52.98,22.656,0.000,,,,
1932648,2,13,37,00.624,-29,52,02.83,,,,,,
1925224,2,13,37,00.300,-29,51,55.95,23.375,0.000,,,,
1927508,6,13,37,00.309,-29,51,56.95,20.601,0.000,20.374,0.000,,
1930621,2,13,37,00.440,-29,52,00.78,21.343,0.000,,,,
1922009,3,13,37,01.281,-29,51,48.21,25.302,0.000,24.667,0.000,24.477,0.000
1932813,2,13,37,00.577,-29,52,02.47,,,,,,
1923114,3,13,37,00.780,-29,51,47.32,21.917,0.000,,,,
1926002,4,13,37,01.005,-29,51,47.04,24.729,0.000,23.555,0.000,22.656,0.000
1921577,3,13,37,00.297,-29,51,55.48,,,23.365,0.000,21.629,0.000
1935176,2,13,37,01.585,-29,51,53.53,,,22.689,0.000,,
1940267,3,13,37,01.330,-29,52,02.43,25.052,0.000,,,,
1936854,2,13,37,01.223,-29,52,03.25,24.374,0.000,,,,
1935889,8,13,37,01.509,-29,51,51.06,23.947,0.000,23.087,0.000,22.291,0.000
1915751,3,13,37,00.563,-29,51,48.61,,,25.008,0.000,22.487,0.000
1921210,5,13,37,00.775,-29,51,47.28,,,21.175,1.351,,
1921219,2,13,37,00.330,-29,51,52.69,22.700,0.000,,,,
1932420,3,13,37,00.635,-29,52,03.02,20.710,0.000,,,,
1927187,2,13,37,00.791,-29,52,03.82,,,,,,
1937345,4,13,37,01.480,-29,52,00.59,23.261,0.000,,,,
1935366,3,13,37,00.913,-29,52,04.07,20.529,0.000,,,,
2184131,3,13,37,00.844,-29,52,03.97,20.557,0.000,,,,
1937978,3,13,37,01.071,-29,52,03.94,21.895,0.000,,,,
1933333,3,13,37,01.567,-29,51,52.48,,,24.895,0.000,23.337,0.000
1938048,2,13,37,01.266,-29,52,03.05,,,,,,
1925442,2,13,37,01.158,-29,51,47.35,23.317,0.000,,,,
1937796,3,13,37,00.679,-29,52,03.35,21.600,0.000,,,,
1922704,8,13,37,00.868,-29,51,46.97,22.599,0.000,22.318,0.172,22.145,0.000
1929445,3,13,37,01.345,-29,51,48.60,18.485,0.000,24.464,0.000,24.174,0.000
1919967,2,13,37,00.686,-29,51,47.60,,,23.740,0.000,23.533,0.000
1931955,3,13,37,00.659,-29,52,03.26,21.557,0.000,,,,
1927456,10,13,37,00.359,-29,51,59.43,18.001,0.037,18.029,9.899e-4,17.961,0.000
1920158,2,13,37,00.543,-29,51,48.69,,,,,22.465,0.000
1922347,2,13,37,00.302,-29,51,53.59,24.837,0.000,,,,
1936617,5,13,37,01.603,-29,51,57.17,24.175,0.000,23.520,0.000,23.163,0.000
1936078,3,13,37,00.708,-29,52,03.57,22.171,0.000,,,,
1932941,3,13,37,00.942,-29,52,04.17,21.479,0.000,,,,
1927401,2,13,37,01.313,-29,51,48.25,,,24.455,0.000,24.174,0.000
1933970,2,13,37,01.111,-29,52,03.92,22.657,0.000,,,,
1928963,8,13,37,01.543,-29,51,59.44,23.426,0.000,22.890,0.000,22.149,0.000
1938670,5,13,37,01.616,-29,51,55.81,22.976,0.000,23.119,0.000,23.407,0.000
1938343,3,13,37,00.771,-29,52,03.86,,,,,22.091,0.000
1931603,3,13,37,00.737,-29,52,03.72,20.970,0.000,,,,
1924977,2,13,37,00.964,-29,51,46.84,,,25.054,0.000,24.354,0.000
1933323,3,13,37,00.639,-29,52,03.19,21.052,0.000,,,,
1932958,3,13,37,00.962,-29,52,04.21,20.617,0.000,,,,
1924012,2,13,37,00.293,-29,51,53.86,23.793,0.000,,,,
1938755,2,13,37,01.146,-29,52,03.85,23.547,0.000,,,,
1919966,5,13,37,00.355,-29,51,51.49,20.747,0.000,20.096,0.000,,
1927619,2,13,37,01.241,-29,51,47.65,24.460,0.000,,,,
1926528,2,13,37,00.280,-29,51,56.12,24.168,0.000,,,,
2161217,4,13,37,00.290,-29,51,57.17,,,20.692,0.000,,
1915551,2,13,37,00.703,-29,51,47.37,,,23.984,0.000,24.038,0.000
1926928,8,13,37,01.475,-29,51,50.03,23.017,0.000,22.552,0.151,22.000,0.000
1922643,2,13,37,00.277,-29,51,55.15,24.037,0.000,,,,
1936062,3,13,37,00.690,-29,52,03.60,23.056,0.000,,,,
1930938,2,13,37,00.470,-29,52,01.68,22.038,0.000,,,,
1929036,4,13,37,01.257,-29,51,47.69,24.600,0.000,23.418,0.000,22.578,0.000
1926607,2,13,37,01.077,-29,51,46.88,,,,,,
1925060,2,13,37,00.299,-29,51,57.86,,,,,,
1927217,5,13,37,00.291,-29,51,57.46,19.666,0.000,19.305,0.000,,
2184157,3,13,37,00.859,-29,52,04.23,19.997,0.000,,,,
1939028,4,13,37,01.367,-29,52,02.44,23.648,0.000,22.187,0.000,,
1938402,6,13,37,00.890,-29,52,04.28,20.117,0.000,20.497,0.000,,
1924992,3,13,37,00.273,-29,51,55.34,,,23.629,0.000,21.683,0.000
1919163,2,13,37,00.569,-29,51,48.22,,,,,,
1925898,5,13,37,01.339,-29,51,48.28,24.395,0.000,23.596,0.000,22.939,0.000
1940854,3,13,37,01.473,-29,52,01.13,24.862,0.000,,,,
1915526,6,13,37,00.619,-29,51,47.81,,,24.126,0.000,22.487,0.000
1938884,3,13,37,01.627,-29,51,56.23,24.903,0.000,,,,
1937086,2,13,37,01.560,-29,51,59.44,23.738,0.000,,,,
1936485,3,13,37,01.587,-29,51,58.63,24.182,0.000,23.809,0.000,23.170,0.000
1938142,3,13,37,00.834,-29,52,04.24,22.150,0.000,,,,
1937985,3,13,37,01.050,-29,52,04.27,22.777,0.000,,,,
2184348,2,13,37,01.296,-29,52,03.15,23.746,0.000,,,,
1927302,6,13,37,01.199,-29,51,47.23,23.437,0.000,22.794,0.000,22.437,0.000
1936831,3,13,37,01.088,-29,52,04.22,22.764,0.000,,,,
2170321,6,13,37,01.589,-29,51,52.34,24.393,0.000,23.785,0.000,23.347,0.000
1935683,3,13,37,00.747,-29,52,04.01,22.120,0.000,,,,
1930100,4,13,37,00.493,-29,52,02.14,,,20.843,0.000,,
1925381,4,13,37,01.009,-29,51,46.64,24.115,0.000,23.109,0.000,22.472,0.000
1933074,3,13,37,00.938,-29,52,04.42,21.037,0.000,,,,
1915627,2,13,37,00.671,-29,51,47.36,,,23.941,0.000,24.013,0.000
2170304,3,13,37,00.623,-29,52,03.36,21.108,0.000,,,,
1934847,2,13,37,01.494,-29,52,00.96,23.628,0.000,,,,
1939268,3,13,37,01.254,-29,52,03.51,23.617,0.000,,,,
1930301,2,13,37,01.321,-29,51,47.98,,,24.598,0.000,23.880,0.000
1934859,5,13,37,01.620,-29,51,53.48,23.713,0.000,24.025,0.000,22.902,0.000
1936616,3,13,37,00.984,-29,52,04.45,21.904,0.000,,,,
1929817,3,13,37,00.418,-29,52,01.18,20.839,0.000,,,,
1938518,3,13,37,01.079,-29,52,04.31,22.849,0.000,,,,
1938116,2,13,37,01.633,-29,51,54.31,23.212,0.000,,,,
1937931,3,13,37,00.953,-29,52,04.48,20.890,0.000,,,,
1930314,2,13,37,01.343,-29,51,48.12,,,24.652,0.000,23.058,0.000
1933390,3,13,37,01.605,-29,51,52.65,25.288,0.000,24.937,0.229,24.028,0.848
1931240,2,13,37,00.607,-29,52,03.32,,,,,,
1924284,3,13,37,01.364,-29,51,48.30,24.906,0.000,24.191,0.000,23.620,0.000
1937834,2,13,37,00.690,-29,52,03.86,,,,,,
1921963,4,13,37,01.267,-29,51,47.50,,,,,,
1932593,7,13,37,00.896,-29,52,04.49,20.078,0.000,20.411,0.000,20.350,0.000
1915557,2,13,37,00.309,-29,51,52.07,24.395,0.000,,,,
1929910,10,13,37,00.517,-29,52,02.59,19.998,0.082,20.288,0.092,20.631,0.000
1942136,2,13,37,01.509,-29,52,00.89,23.779,0.000,,,,
1931989,2,13,37,00.662,-29,52,03.76,,,,,,
1938174,3,13,37,00.873,-29,52,04.52,20.256,0.000,,,,
1933928,3,13,37,00.420,-29,52,01.42,20.897,0.000,,,,
1933491,3,13,37,00.446,-29,52,01.81,20.793,0.000,,,,
1932303,2,13,37,00.461,-29,52,02.00,21.290,0.000,,,,
1937160,4,13,37,00.723,-29,52,04.12,23.663,0.000,,,,
1922492,6,13,37,00.400,-29,52,01.16,20.912,0.000,20.211,0.000,,
1920180,2,13,37,00.733,-29,51,46.82,,,23.832,0.000,23.316,0.000
1926139,3,13,37,00.265,-29,51,57.53,,,20.588,0.000,,
1915941,7,13,37,00.896,-29,51,46.40,23.844,0.000,23.669,0.000,22.331,0.000
1939191,3,13,37,01.454,-29,52,01.90,,,22.506,0.000,,
1932567,3,13,37,00.853,-29,52,04.58,21.291,0.000,,,,
1940877,2,13,37,01.321,-29,52,03.30,23.500,0.000,,,,
1927126,6,13,37,00.677,-29,52,03.97,21.967,0.000,21.301,0.000,,
1923528,3,13,37,00.280,-29,51,52.66,,,24.097,0.000,21.509,0.000
1920252,4,13,37,00.592,-29,51,47.60,,,24.464,0.000,22.792,0.000
1934383,2,13,37,00.462,-29,52,02.14,21.554,0.000,,,,
1921954,2,13,37,00.288,-29,51,58.75,,,,,,
1932502,2,13,37,01.641,-29,51,53.48,23.476,0.000,,,,
1921438,4,13,37,00.980,-29,51,46.30,,,23.300,0.000,22.644,0.000
1915698,4,13,37,00.477,-29,51,48.65,24.077,0.000,24.260,0.000,22.991,0.000
1927398,3,13,37,00.325,-29,51,59.85,21.829,0.000,,,,
1921340,4,13,37,01.031,-29,51,46.34,,,24.313,0.000,22.771,0.000
1938994,2,13,37,01.623,-29,51,58.55,,,24.502,0.000,23.665,0.000
1937327,2,13,37,01.108,-29,52,04.56,23.206,0.000,,,,
1939196,5,13,37,01.372,-29,52,03.00,22.369,0.000,21.635,0.000,,
1939070,4,13,37,01.664,-29,51,55.65,23.632,0.000,23.491,0.000,23.633,0.000
1936836,3,13,37,01.065,-29,52,04.68,23.271,0.000,,,,
1930931,4,13,37,00.437,-29,52,01.98,,,20.326,0.000,,
1933571,3,13,37,01.039,-29,52,04.73,23.095,0.000,,,,
2184363,2,13,37,01.572,-29,52,00.08,,,24.750,0.000,23.951,0.000
1928111,3,13,37,01.376,-29,51,48.03,22.272,0.000,24.515,0.000,23.717,0.000
1922287,3,13,37,00.358,-29,52,00.73,22.359,0.000,,,,
1931510,2,13,37,00.367,-29,52,00.92,,,22.239,0.000,,
1933328,2,13,37,01.609,-29,51,51.86,,,24.014,0.000,23.450,0.000
1924289,3,13,37,00.340,-29,52,00.41,21.860,0.000,,,,
2184211,3,13,37,00.897,-29,52,04.82,19.864,0.000,,,,
1931835,2,13,37,01.495,-29,51,49.39,23.813,0.000,,,,
1918189,2,13,37,00.392,-29,51,49.59,24.257,0.000,,,,
1934212,2,13,37,01.133,-29,52,04.57,23.631,0.000,,,,
1930531,3,13,37,00.329,-29,52,00.26,21.554,0.000,,,,
1936642,2,13,37,00.988,-29,52,04.87,,,,,,
1915328,2,13,37,00.368,-29,51,49.95,,,,,22.968,0.000
1919044,3,13,37,00.513,-29,51,48.03,,,24.448,0.000,23.782,0.000
1921185,2,13,37,00.936,-29,51,46.11,,,23.739,0.000,22.771,0.000
1934354,5,13,37,01.504,-29,51,49.46,,,21.105,2.820,22.290,0.000
1919203,2,13,37,00.435,-29,51,48.91,23.664,0.000,,,,
1915423,2,13,37,00.345,-29,51,50.35,24.438,0.000,,,,
1940073,2,13,37,01.473,-29,52,02.03,23.278,0.000,,,,
1930744,5,13,37,00.406,-29,52,01.74,,,20.667,0.000,,
1938241,3,13,37,00.647,-29,52,04.08,22.858,0.000,,,,
1930146,2,13,37,01.327,-29,51,47.44,,,21.736,4.055,22.668,0.000
1935182,2,13,37,00.682,-29,52,04.30,,,,,,
1919106,4,13,37,00.406,-29,51,49.24,22.098,0.000,20.780,0.000,,
1929095,3,13,37,00.373,-29,52,01.26,21.289,0.000,,,,
1932554,2,13,37,01.674,-29,51,54.55,,,24.387,0.000,23.914,0.000
1937043,3,13,37,01.663,-29,51,57.38,24.244,0.000,23.505,0.000,23.107,0.000
1932015,2,13,37,01.397,-29,51,48.04,,,24.615,0.000,23.569,0.000
1933999,4,13,37,01.648,-29,51,58.27,,,23.866,0.000,23.612,0.000
1940892,2,13,37,01.298,-29,52,03.85,24.287,0.000,,,,
1931839,3,13,37,00.423,-29,52,02.09,20.404,0.000,,,,
1926199,3,13,37,00.594,-29,52,03.81,21.309,0.000,,,,
1940976,2,13,37,01.362,-29,52,03.37,23.366,0.000,,,,
1942170,2,13,37,01.524,-29,52,01.43,24.182,0.000,,,,
1928333,5,13,37,01.684,-29,51,55.52,23.574,0.000,23.349,0.000,23.751,0.000
2159655,3,13,37,00.754,-29,51,46.31,,,24.701,0.000,23.900,0.000
1915327,2,13,37,00.332,-29,51,50.37,23.797,0.000,,,,
1935000,3,13,37,00.854,-29,52,04.97,20.386,0.000,,,,
1927073,3,13,37,00.337,-29,52,00.78,21.135,0.000,,,,
1937788,4,13,37,01.632,-29,51,51.94,,,25.017,0.000,23.414,0.000
1930026,3,13,37,00.313,-29,52,00.32,21.130,0.000,,,,
1933706,2,13,37,00.992,-29,52,05.07,24.702,0.000,,,,
1938754,3,13,37,01.044,-29,52,05.03,23.868,0.000,,,,
1918170,2,13,37,00.378,-29,51,49.41,,,19.469,0.000,,
1926517,3,13,37,00.293,-29,51,59.94,22.042,0.000,,,,
1934228,3,13,37,01.645,-29,51,58.84,24.521,0.000,24.129,0.000,24.076,0.000
1937760,2,13,37,00.775,-29,52,04.87,,,,,,
1935783,3,13,37,00.840,-29,52,05.04,20.474,0.000,,,,
1933919,3,13,37,00.383,-29,52,01.71,20.839,0.000,,,,
1935426,4,13,37,01.198,-29,52,04.60,,,23.136,0.000,22.794,0.000
1936469,3,13,37,01.682,-29,51,57.04,24.936,0.000,24.083,0.000,23.051,0.000
1935436,2,13,37,01.599,-29,52,00.18,,,,,,
1915669,3,13,37,00.506,-29,51,47.78,,,24.314,0.000,23.394,0.000
1940435,2,13,37,01.331,-29,52,03.79,23.281,0.000,,,,
1922609,3,13,37,00.364,-29,52,01.44,20.994,0.000,,,,
1924961,2,13,37,01.019,-29,51,45.89,,,25.364,0.000,23.856,0.000
1936496,2,13,37,01.669,-29,51,57.96,24.581,0.000,24.181,0.000,,
1922252,3,13,37,00.317,-29,52,00.61,21.015,0.000,,,,
1938866,4,13,37,01.695,-29,51,55.24,24.227,0.000,23.610,0.000,23.151,0.000
1919610,3,13,37,00.417,-29,51,48.72,22.660,0.000,,,,
1928732,3,13,37,01.273,-29,51,46.77,,,23.838,0.000,22.829,0.000
1919242,3,13,37,00.729,-29,51,46.24,,,23.931,0.000,23.539,0.000
1935597,3,13,37,00.618,-29,52,04.22,21.864,0.000,,,,
1927088,3,13,37,00.336,-29,52,01.07,21.843,0.000,,,,
1942447,2,13,37,01.353,-29,52,03.72,23.037,0.000,,,,
1926216,3,13,37,00.593,-29,52,04.07,21.163,0.000,,,,
1930453,2,13,37,00.396,-29,52,02.06,,,,,,
1919206,2,13,37,00.316,-29,51,50.32,23.177,0.000,,,,
1928499,2,13,37,01.330,-29,51,47.10,,,24.673,0.000,23.384,0.000
1933407,2,13,37,00.639,-29,52,04.39,,,,,,
1937890,3,13,37,00.582,-29,52,04.01,21.336,0.000,,,,
2161394,2,13,37,00.296,-29,52,00.32,21.794,0.000,,,,
1932559,4,13,37,00.797,-29,52,05.08,22.410,0.000,,,,
1937347,2,13,37,01.665,-29,51,58.50,23.756,0.000,,,,
1918408,2,13,37,00.450,-29,51,48.21,23.599,0.000,,,,
1919861,8,13,37,00.772,-29,51,46.01,25.029,0.000,23.768,0.000,22.826,0.000
1929733,3,13,37,00.425,-29,52,02.50,21.904,0.000,,,,
1938389,3,13,37,01.698,-29,51,54.45,24.451,0.000,23.777,0.000,22.806,0.000
1926176,3,13,37,01.626,-29,51,51.21,24.805,0.000,24.383,0.000,23.458,0.000
1919433,8,13,37,00.241,-29,51,52.19,21.190,0.036,19.907,0.009,18.646,0.000
1920486,2,13,37,00.253,-29,51,51.78,,,22.120,0.000,,
1938482,3,13,37,01.703,-29,51,56.30,24.949,0.000,24.391,0.000,23.362,0.000
1933166,3,13,37,00.754,-29,52,05.02,21.920,0.000,,,,
1919036,3,13,37,00.622,-29,51,46.63,,,24.291,0.000,23.001,0.000
1930907,5,13,37,01.510,-29,51,48.88,23.695,0.000,22.970,0.000,22.746,0.000
1919595,6,13,37,00.423,-29,51,48.42,21.976,0.000,21.971,0.000,,
1934223,5,13,37,01.676,-29,51,58.36,,,23.005,0.000,22.983,0.000
1919372,3,13,37,00.817,-29,51,45.80,,,25.333,0.000,22.989,0.000
1918422,2,13,37,00.322,-29,51,49.99,22.648,0.000,,,,
1923072,2,13,37,00.267,-29,51,59.88,,,22.724,0.000,21.447,0.000
1919824,2,13,37,00.250,-29,51,51.62,22.913,0.000,,,,
1942428,10,13,37,01.619,-29,52,00.25,20.358,2.648,21.995,0.024,22.091,0.000
1918745,3,13,37,00.574,-29,51,46.90,,,,,24.162,0.000
1919782,7,13,37,00.643,-29,51,46.42,24.221,0.000,23.747,0.000,22.223,0.000
1937295,3,13,37,00.555,-29,52,04.01,20.908,0.000,,,,
1923388,3,13,37,00.412,-29,52,02.57,21.114,0.000,,,,
1930526,3,13,37,00.294,-29,52,00.62,21.789,0.000,,,,
1919107,3,13,37,00.277,-29,51,50.76,23.781,0.000,22.648,0.000,,
1937266,3,13,37,00.534,-29,52,03.87,21.172,0.000,,,,
1937384,2,13,37,01.661,-29,51,59.20,24.130,0.000,,,,
1926396,3,13,37,00.577,-29,52,04.21,21.315,0.000,,,,
1930647,3,13,37,00.373,-29,52,02.07,22.385,0.000,,,,
1938986,2,13,37,01.024,-29,52,05.43,23.274,0.000,,,,
1940027,6,13,37,01.669,-29,51,58.96,23.368,0.000,23.082,0.000,23.133,0.000
1915371,3,13,37,00.343,-29,51,49.42,23.147,0.000,21.139,0.000,,
1919303,3,13,37,00.514,-29,51,47.30,24.832,0.000,24.201,0.000,22.994,0.000
1938036,2,13,37,01.700,-29,51,57.62,,,24.318,0.000,23.583,0.000
1928183,3,13,37,00.310,-29,52,01.01,20.844,0.000,,,,
2159732,2,13,37,00.185,-29,51,54.69,22.878,0.000,,,,
1936216,3,13,37,00.840,-29,52,05.39,21.887,0.000,,,,
1935033,3,13,37,00.599,-29,52,04.39,21.774,0.000,,,,
1928676,4,13,37,00.254,-29,51,59.73,,,22.629,0.000,21.455,0.000
1938644,3,13,37,00.769,-29,52,05.21,23.108,0.000,,,,
1933161,3,13,37,00.737,-29,52,05.11,21.259,0.000,,,,
1936479,3,13,37,01.710,-29,51,56.93,24.824,0.000,24.189,0.000,23.839,0.000
1918658,2,13,37,00.207,-29,51,52.93,23.829,0.000,,,,
1935098,6,13,37,00.394,-29,52,02.42,20.707,0.000,20.712,0.000,,
1915494,2,13,37,00.380,-29,51,48.78,23.151,0.000,,,,
1932514,2,13,37,00.682,-29,52,04.90,,,,,,
1921432,2,13,37,01.030,-29,51,45.55,,,,,,
1930538,2,13,37,01.419,-29,51,47.57,24.673,0.000,,,,
1921637,2,13,37,01.206,-29,51,46.06,,,,,,
1919657,3,13,37,00.195,-29,51,53.48,21.694,0.000,,,,
1935238,2,13,37,00.920,-29,52,05.54,,,,,,
1924347,3,13,37,00.332,-29,52,01.52,22.162,0.000,,,,
1934630,3,13,37,00.562,-29,52,04.19,21.084,0.000,,,,
1915356,4,13,37,00.448,-29,51,47.88,23.657,0.000,24.019,0.000,23.561,0.000
1920423,2,13,37,00.292,-29,51,50.26,22.143,0.000,,,,
2161249,3,13,37,01.257,-29,51,46.29,,,23.965,0.000,22.832,0.000
1939092,2,13,37,01.723,-29,51,55.32,,,24.322,0.000,23.661,0.000
1937402,2,13,37,01.698,-29,51,58.09,24.664,0.000,23.878,0.000,,
1935477,3,13,37,00.665,-29,52,04.88,22.073,0.000,,,,
1919809,4,13,37,00.720,-29,51,45.89,24.674,0.000,,,,
1918193,4,13,37,00.239,-29,51,51.51,22.030,0.000,21.596,0.000,,
1938860,3,13,37,00.810,-29,52,05.42,22.168,0.000,,,,
1918664,3,13,37,00.196,-29,51,53.18,22.326,0.000,,,,
1939005,2,13,37,01.707,-29,51,57.73,,,,,,
1938756,2,13,37,00.998,-29,52,05.59,24.088,0.000,,,,
1933753,3,13,37,01.692,-29,51,52.55,24.282,0.000,23.730,0.000,23.680,0.000
1923373,2,13,37,01.087,-29,51,45.57,,,25.596,0.000,23.685,0.000
1934403,5,13,37,00.787,-29,52,05.39,21.998,0.000,,,,
1922541,3,13,37,00.378,-29,52,02.34,21.390,0.000,,,,
2159590,2,13,37,00.249,-29,51,51.15,,,23.731,0.000,22.658,0.000
2184368,2,13,37,01.682,-29,51,58.90,23.634,0.000,,,,
1941789,2,13,37,01.354,-29,52,04.14,23.896,0.000,,,,
1921711,2,13,37,01.111,-29,51,45.62,,,,,,
1919617,3,13,37,00.268,-29,51,50.66,23.796,0.000,22.357,0.000,,
1935417,9,13,37,01.690,-29,51,58.59,23.566,0.000,23.206,0.000,22.507,0.000
1935267,2,13,37,00.947,-29,52,05.63,,,,,,
1927365,4,13,37,01.368,-29,51,46.97,24.198,0.000,23.233,0.000,22.721,0.000
1917349,2,13,37,00.308,-29,51,49.79,22.800,0.000,,,,
1920511,2,13,37,00.198,-29,51,52.84,23.222,0.000,,,,
1919903,3,13,37,00.182,-29,51,53.79,20.746,0.000,,,,
1934813,2,13,37,01.706,-29,51,57.94,,,24.653,0.000,23.887,0.000
1929347,3,13,37,00.341,-29,52,01.83,22.003,0.000,,,,
1918547,5,13,37,00.690,-29,51,45.95,23.916,0.000,23.695,0.000,23.395,0.000
1915286,8,13,37,00.296,-29,51,49.97,22.543,0.000,21.836,0.004,21.182,0.000
1938118,3,13,37,00.714,-29,52,05.20,21.722,0.000,,,,
1915677,2,13,37,00.258,-29,51,50.80,23.529,0.000,,,,
1915691,2,13,37,00.234,-29,51,51.40,22.323,0.000,,,,
1936194,3,13,37,00.866,-29,52,05.64,21.609,0.000,,,,
1937479,3,13,37,00.729,-29,52,05.30,,,20.987,0.000,,
1939002,2,13,37,01.031,-29,52,05.67,23.282,0.000,,,,
1934023,2,13,37,01.707,-29,51,58.22,,,24.105,0.000,24.427,0.000
1935422,3,13,37,01.108,-29,52,05.52,24.365,0.000,,,,
1940828,2,13,37,01.231,-29,52,05.06,,,24.574,0.000,23.615,0.000
1915516,2,13,37,00.193,-29,51,52.71,22.840,0.000,,,,
1926410,3,13,37,00.573,-29,52,04.50,21.175,0.000,,,,
2184262,2,13,37,01.736,-29,51,56.02,,,23.748,0.000,23.122,0.000
1938197,5,13,37,00.815,-29,52,05.61,22.050,0.000,,,,
1919878,3,13,37,00.181,-29,51,53.28,21.535,0.000,,,,
1938141,3,13,37,01.726,-29,51,53.72,,,25.549,0.000,23.287,0.000
1928715,6,13,37,01.290,-29,51,46.25,24.133,0.000,23.230,0.000,22.293,0.000
1923724,2,13,37,01.048,-29,51,45.33,,,,,,
1920585,3,13,37,00.163,-29,51,54.62,22.274,0.000,,,,
1928349,2,13,37,00.842,-29,52,05.69,,,,,,
1935941,2,13,37,00.760,-29,52,05.48,,,,,,
1934336,3,13,37,00.374,-29,52,02.55,21.170,0.000,,,,
1915197,6,13,37,00.506,-29,51,47.00,19.219,0.000,24.658,0.000,23.007,0.000
1930947,3,13,37,00.390,-29,52,02.77,21.121,0.000,,,,
1932442,6,13,37,01.666,-29,51,51.14,24.123,0.000,23.578,0.000,22.864,0.000
1915111,2,13,37,00.380,-29,51,48.37,23.719,0.000,,,,
1937651,3,13,37,00.604,-29,52,04.76,22.650,0.000,,,,
2161399,3,13,37,00.268,-29,52,00.74,21.382,0.000,,,,
1919340,2,13,37,00.193,-29,51,52.50,22.143,0.000,,,,
1937121,11,13,37,01.694,-29,51,51.99,22.890,0.000,22.551,0.006,21.944,0.000
1925826,3,13,37,00.516,-29,52,04.13,21.407,0.000,,,,
1938668,4,13,37,00.784,-29,52,05.59,23.147,0.000,,,,
1936456,3,13,37,00.910,-29,52,05.81,23.017,0.000,,,,
1917055,2,13,37,00.411,-29,51,47.94,23.557,0.000,,,,
1923851,2,13,37,00.987,-29,51,45.20,,,25.422,0.000,23.062,0.000
2159796,4,13,37,01.087,-29,51,45.34,,,24.053,0.000,23.165,0.000
1922727,2,13,37,00.156,-29,51,55.75,22.760,0.000,,,,
1925393,2,13,37,00.162,-29,51,56.83,24.882,0.000,,,,
1935382,2,13,37,00.999,-29,52,05.83,24.112,0.000,,,,
1937311,3,13,37,00.542,-29,52,04.39,20.321,0.000,,,,
1919564,2,13,37,00.391,-29,51,48.16,23.290,0.000,,,,
1923648,2,13,37,00.158,-29,51,56.36,22.733,0.000,,,,
1938538,3,13,37,00.670,-29,52,05.20,21.108,0.000,,,,
1928229,5,13,37,00.317,-29,52,01.79,21.654,0.000,21.749,0.000,,
1928942,2,13,37,00.956,-29,52,05.87,24.497,0.000,,,,
2184342,2,13,37,01.723,-29,51,58.01,,,25.045,0.000,23.881,0.000
1941872,2,13,37,01.566,-29,52,02.10,24.102,0.000,18.432,0.000,,
1931290,3,13,37,01.686,-29,51,51.51,,,23.664,0.000,22.770,0.000
1930906,3,13,37,00.355,-29,52,02.42,22.274,0.000,,,,
1921443,2,13,37,00.154,-29,51,56.17,22.706,0.000,,,,
1938292,3,13,37,00.644,-29,52,05.10,22.109,0.000,,,,
1918140,2,13,37,00.262,-29,51,50.25,24.044,0.000,,,,
1933111,3,13,37,00.884,-29,52,05.87,21.736,0.000,,,,
1926032,2,13,37,00.165,-29,51,57.46,24.212,0.000,,,,
1920179,3,13,37,00.165,-29,51,53.50,21.343,0.000,,,,
1939273,2,13,37,01.070,-29,52,05.80,24.288,0.000,,,,
1938400,2,13,37,00.769,-29,52,05.65,,,,,,
1919730,2,13,37,00.910,-29,51,45.10,,,25.140,0.000,23.301,0.000
1923327,2,13,37,00.149,-29,51,55.86,22.527,0.000,,,,
1937042,4,13,37,01.749,-29,51,56.35,24.818,0.000,23.616,0.000,22.955,0.000
1933691,2,13,37,01.752,-29,51,55.76,24.058,0.000,,,,
1922107,2,13,37,01.381,-29,51,46.70,,,,,,
1932757,12,13,37,00.430,-29,52,03.47,21.042,0.108,20.809,0.028,20.448,0.000
1941809,2,13,37,01.591,-29,52,01.79,23.925,0.000,,,,
1930539,2,13,37,00.271,-29,52,01.09,22.012,0.000,,,,
2173865,2,13,37,01.720,-29,51,52.53,,,,,,
1941798,3,13,37,01.640,-29,52,00.87,25.233,0.000,24.115,0.000,23.206,0.000
1922089,3,13,37,00.169,-29,51,57.98,23.197,0.000,,,,
1937091,2,13,37,01.020,-29,52,05.93,23.968,0.000,,,,
1923720,4,13,37,01.060,-29,51,45.15,25.285,0.000,24.312,0.000,23.445,0.000
1941053,3,13,37,01.418,-29,52,04.03,23.779,0.000,,,,
1917837,4,13,37,00.549,-29,51,46.43,,,24.436,0.000,22.041,0.000
1936810,2,13,37,01.754,-29,51,56.02,24.113,0.000,,,,
1938842,2,13,37,01.748,-29,51,54.15,,,24.834,0.000,24.154,0.000
1941017,2,13,37,01.669,-29,52,00.22,,,24.566,0.000,22.599,0.000
1933179,6,13,37,00.729,-29,52,05.58,21.447,0.000,20.777,0.000,,
1934686,3,13,37,00.577,-29,52,04.80,21.101,0.000,,,,
1917074,7,13,37,00.575,-29,51,46.23,,,25.569,0.000,22.005,0.000
1919204,2,13,37,00.200,-29,51,51.67,,,,,,
1937939,3,13,37,00.851,-29,52,05.92,21.411,0.000,,,,
1918237,2,13,37,00.314,-29,51,49.05,22.845,0.000,,,,
1942178,4,13,37,01.199,-29,52,05.50,24.516,0.000,23.516,0.000,22.922,0.000
1921915,3,13,37,00.212,-29,51,59.78,23.876,0.000,,,,
1929222,3,13,37,00.615,-29,52,05.09,21.839,0.000,,,,
1927417,3,13,37,00.254,-29,52,00.88,21.248,0.000,,,,
1919357,2,13,37,00.159,-29,51,53.30,22.142,0.000,,,,
1923301,2,13,37,00.139,-29,51,55.53,22.091,0.000,,,,
1940501,2,13,37,01.684,-29,52,00.01,,,25.530,0.000,23.896,0.000
1917317,9,13,37,00.332,-29,51,48.68,18.390,0.000,17.756,0.000,,
1942331,2,13,37,01.368,-29,52,04.56,23.572,0.000,,,,
1925196,2,13,37,00.147,-29,51,57.05,23.427,0.000,,,,
1915278,4,13,37,00.239,-29,51,50.40,22.563,0.000,21.446,0.000,,
1937577,3,13,37,00.517,-29,52,04.45,21.026,0.000,,,,
1918225,2,13,37,00.494,-29,51,46.76,,,24.517,0.000,22.598,0.000
1928218,4,13,37,01.497,-29,51,47.68,24.102,0.000,23.409,0.000,23.131,0.000
1933648,2,13,37,01.653,-29,51,50.17,,,24.409,0.000,23.696,0.000
1940275,2,13,37,01.039,-29,52,06.04,24.747,0.000,,,,
1929511,4,13,37,01.451,-29,51,47.16,20.486,0.000,23.408,0.000,23.011,0.000
1915685,11,13,37,00.186,-29,51,51.81,21.069,0.000,20.610,0.013,20.156,0.000
1915410,2,13,37,00.180,-29,51,52.05,,,,,,
1915102,3,13,37,00.522,-29,51,46.49,,,24.632,0.000,22.677,0.000
1923280,3,13,37,00.213,-29,52,00.04,22.979,0.000,,,,
1920039,3,13,37,00.136,-29,51,54.87,22.422,0.000,,,,
1920483,6,13,37,00.161,-29,51,52.82,22.152,0.000,21.660,0.000,,
1915301,6,13,37,00.714,-29,51,45.35,,,23.735,0.000,22.979,0.000
1919633,3,13,37,00.146,-29,51,53.72,,,21.301,0.000,,
1929299,2,13,37,01.417,-29,51,46.81,24.507,0.000,,,,
1924802,2,13,37,00.134,-29,51,55.92,22.057,0.000,,,,
1938865,6,13,37,00.784,-29,52,05.91,21.452,0.000,21.644,0.000,,
1921916,2,13,37,01.359,-29,51,46.30,,,24.566,0.000,23.104,0.000
1943852,2,13,37,01.522,-29,52,03.12,,,24.807,0.000,23.603,0.000
1936343,3,13,37,01.768,-29,51,55.67,,,23.896,0.000,22.925,0.000
1938931,3,13,37,00.867,-29,52,06.10,21.341,0.000,,,,
1940884,5,13,37,01.733,-29,51,58.60,24.018,0.000,23.511,0.000,23.493,0.000
1917670,2,13,37,00.406,-29,51,47.55,,,,,23.126,0.000
1929994,5,13,37,00.229,-29,52,00.57,22.521,0.085,22.127,0.000,,
1940864,2,13,37,01.744,-29,51,58.13,,,24.678,0.000,23.299,0.000
1918455,2,13,37,00.285,-29,51,49.28,23.458,0.000,,,,
1934638,3,13,37,00.532,-29,52,04.68,20.598,0.000,,,,
1917795,2,13,37,00.272,-29,51,49.52,23.542,0.000,,,,
1923957,3,13,37,00.247,-29,52,00.99,21.542,0.000,,,,
1919006,2,13,37,00.153,-29,51,52.99,22.663,0.000,,,,
1934334,5,13,37,01.568,-29,51,48.48,23.988,0.000,23.299,0.000,22.707,0.000
1936173,2,13,37,01.768,-29,51,54.53,,,25.580,0.000,23.836,0.000
2184148,3,13,37,00.719,-29,52,05.76,21.990,0.000,,,,
1937053,2,13,37,01.769,-29,51,56.27,,,,,,
1921130,2,13,37,00.955,-29,51,44.82,,,,,,
1942348,2,13,37,01.581,-29,52,02.36,22.990,0.000,,,,
1920018,8,13,37,00.130,-29,51,54.64,21.596,0.469,21.249,0.000,20.726,0.000
1915549,3,13,37,00.136,-29,51,53.95,21.603,0.000,,,,
1942671,5,13,37,01.392,-29,52,04.55,22.526,0.000,22.641,0.000,,
1920116,7,13,37,00.305,-29,51,48.85,,,,,,
1928372,2,13,37,01.774,-29,51,55.27,,,,,,
1932151,2,13,37,00.628,-29,52,05.39,22.905,0.000,,,,
1933288,3,13,37,00.477,-29,52,04.30,22.463,2.224,23.674,0.000,22.756,0.000
1917848,2,13,37,00.646,-29,51,45.54,,,,,,
1938783,5,13,37,01.768,-29,51,56.97,24.747,0.000,24.156,0.000,23.352,0.000
1921253,2,13,37,00.125,-29,51,55.81,21.850,0.000,,,,
1940095,3,13,37,01.190,-29,52,05.80,24.615,0.000,,,,
1915412,2,13,37,00.160,-29,51,52.36,,,,,,
1921592,3,13,37,00.141,-29,51,57.69,22.663,0.000,,,,
1942038,2,13,37,01.618,-29,52,01.83,,,,,,
1938103,3,13,37,01.747,-29,51,52.68,25.214,0.000,24.486,0.000,23.809,0.000
1922626,2,13,37,00.128,-29,51,56.64,22.404,0.000,,,,
1924216,3,13,37,00.142,-29,51,57.87,22.632,0.000,,,,
1942207,2,13,37,01.642,-29,52,01.43,,,24.614,0.000,23.740,0.000
1941071,2,13,37,01.445,-29,52,04.16,,,24.317,0.000,23.201,0.000
1915396,4,13,37,00.751,-29,51,45.04,,,24.765,0.000,23.092,0.000
1941843,2,13,37,01.230,-29,52,05.66,24.754,0.000,,,,
1931628,2,13,37,00.363,-29,52,03.13,,,21.512,0.000,,
2170306,6,13,37,01.697,-29,51,50.82,23.666,0.000,23.007,0.000,22.937,0.000
1915317,2,13,37,00.774,-29,51,44.96,,,25.113,0.000,24.298,0.000
1924197,2,13,37,00.123,-29,51,56.47,22.319,0.000,,,,
1936818,3,13,37,00.894,-29,52,06.29,22.043,0.000,,,,
1933307,7,13,37,01.686,-29,51,50.50,,,22.751,0.094,22.673,0.000
1921427,2,13,37,00.120,-29,51,56.18,22.196,0.000,,,,
1919271,3,13,37,00.597,-29,51,45.70,,,25.773,0.000,22.890,0.000
1938439,2,13,37,01.780,-29,51,54.57,,,24.913,0.000,23.928,0.000
1917036,2,13,37,00.285,-29,51,48.97,23.122,0.000,,,,
1937922,11,13,37,00.550,-29,52,05.02,20.384,0.000,20.355,0.008,20.334,0.000
1937475,2,13,37,01.740,-29,51,58.97,,,24.360,0.000,23.843,0.000
1941440,2,13,37,01.537,-29,52,03.22,,,,,,
1931216,3,13,37,01.681,-29,51,50.26,,,,,,
1923955,2,13,37,00.234,-29,52,01.12,21.766,0.000,,,,
1925900,3,13,37,01.459,-29,51,46.87,,,24.349,0.000,23.817,0.000
1918066,2,13,37,00.271,-29,51,49.14,22.853,0.000,,,,
1923990,2,13,37,00.113,-29,51,55.59,,,21.578,0.000,,
1934356,3,13,37,00.348,-29,52,03.08,21.771,0.000,,,,
1941174,3,13,37,01.310,-29,52,05.35,,,23.704,0.000,22.693,0.000
1925721,2,13,37,00.119,-29,51,56.94,22.194,0.000,,,,
1932156,2,13,37,00.620,-29,52,05.53,22.518,0.000,,,,
1936805,3,13,37,00.863,-29,52,06.36,21.778,0.000,,,,
1940939,2,13,37,01.772,-29,51,57.69,,,24.414,0.000,23.098,0.000
1931559,7,13,37,01.725,-29,51,51.30,,,23.790,0.000,22.735,0.000
1932898,3,13,37,00.566,-29,52,05.22,21.729,0.000,,,,
1919519,2,13,37,00.961,-29,51,44.59,,,24.264,0.000,23.039,0.000
1921203,2,13,37,00.111,-29,51,55.00,22.183,0.000,,,,
1915667,2,13,37,00.158,-29,51,51.85,,,,,,
1921158,3,13,37,00.109,-29,51,55.36,21.903,0.000,,,,
1936139,2,13,37,00.734,-29,52,06.08,24.076,0.000,,,,
1941404,2,13,37,01.691,-29,52,00.70,,,25.255,0.000,23.986,0.000
1932943,2,13,37,01.786,-29,51,54.25,,,24.693,0.000,23.992,0.000
1921412,2,13,37,00.109,-29,51,55.90,22.402,0.000,,,,
1915064,2,13,37,00.355,-29,51,47.76,,,,,23.025,0.000
1920133,8,13,37,00.220,-29,51,50.06,21.846,0.360,20.500,0.045,19.321,0.000
1923666,2,13,37,00.118,-29,51,57.31,22.071,0.000,,,,
1924231,3,13,37,01.239,-29,51,45.19,25.063,0.000,,,,
1944083,2,13,37,01.337,-29,52,05.27,,,24.418,0.000,23.154,0.000
1917193,2,13,37,00.302,-29,51,48.46,22.097,0.000,,,,
1929387,6,13,37,01.428,-29,51,46.45,23.779,0.000,23.188,0.000,22.553,0.000
1927753,2,13,37,00.179,-29,52,00.03,23.104,0.000,,,,
1918646,2,13,37,00.225,-29,51,49.85,22.036,0.000,,,,
1930269,2,13,37,01.664,-29,51,49.59,,,24.361,0.000,23.264,0.000
1942877,2,13,37,01.255,-29,52,05.79,,,25.237,0.000,24.008,0.000
2173849,3,13,37,00.591,-29,52,05.49,22.105,0.000,,,,
1920428,2,13,37,00.144,-29,51,52.06,,,,,,
1941794,4,13,37,01.194,-29,52,06.08,24.517,0.000,23.716,0.000,22.463,0.000
1922324,2,13,37,00.279,-29,52,02.27,21.640,0.000,,,,
1940529,13,13,37,01.721,-29,52,00.12,22.663,0.346,22.774,0.084,22.496,0.000
1940497,3,13,37,01.146,-29,52,06.26,,,23.902,0.000,22.396,0.000
1944104,3,13,37,01.487,-29,52,04.08,24.858,0.000,24.667,0.000,22.732,0.000
1932386,8,13,37,01.689,-29,51,50.04,22.983,0.000,22.573,0.039,22.366,0.000
1917200,2,13,37,00.248,-29,51,49.27,25.040,0.000,,,,
1937500,2,13,37,00.696,-29,52,06.08,23.066,0.000,,,,
1935262,3,13,37,01.801,-29,51,55.50,24.941,0.000,24.318,0.000,23.066,0.000
1929455,2,13,37,00.210,-29,52,00.97,23.056,0.000,,,,
1941564,3,13,37,01.690,-29,52,00.98,18.573,0.000,24.718,0.000,23.724,0.000
1941199,4,13,37,01.662,-29,52,01.58,,,24.301,0.000,23.604,0.000
1934414,2,13,37,00.730,-29,52,06.22,23.044,0.000,,,,
1934433,3,13,37,00.762,-29,52,06.33,22.808,0.000,,,,
1941102,2,13,37,01.436,-29,52,04.63,24.100,0.000,,,,
1915090,3,13,37,00.594,-29,51,45.42,,,,,22.688,0.000
1921259,2,13,37,00.098,-29,51,56.17,22.486,0.000,,,,
1933346,3,13,37,00.514,-29,52,05.06,20.111,0.000,,,,
1918804,3,13,37,00.115,-29,51,53.21,23.613,0.000,,,,
1933695,3,13,37,00.847,-29,52,06.54,21.937,0.000,,,,
1938769,4,13,37,01.803,-29,51,56.25,24.577,0.000,23.811,0.000,23.157,0.000
1933883,2,13,37,00.269,-29,52,02.24,21.640,0.000,,,,
1922659,2,13,37,00.108,-29,51,57.48,22.108,0.000,,,,
2173809,2,13,37,00.551,-29,52,05.36,,,,,,
1927859,2,13,37,01.796,-29,51,53.78,,,24.960,0.000,24.089,0.000
1917448,2,13,37,00.419,-29,51,46.76,,,23.028,0.000,,
1930240,6,13,37,00.395,-29,52,04.02,23.397,0.000,23.062,0.000,22.716,0.000
1934237,2,13,37,00.997,-29,52,06.66,,,25.489,0.000,23.490,0.000
1930129,3,13,37,00.185,-29,52,00.59,23.224,0.000,,,,
1927904,3,13,37,00.295,-29,52,02.73,22.232,0.000,,,,
1921666,2,13,37,00.096,-29,51,56.69,23.211,0.000,,,,
1923316,4,13,37,00.094,-29,51,56.36,22.025,0.000,,,,
1931156,2,13,37,00.259,-29,52,02.16,22.000,0.000,,,,
1919158,2,13,37,00.893,-29,51,44.35,,,25.372,0.000,23.840,0.000
2170308,2,13,37,00.494,-29,52,05.00,,,,,,
1918555,3,13,37,00.113,-29,51,52.82,21.981,0.000,,,,
1942264,3,13,37,01.567,-29,52,03.34,25.014,0.000,23.942,0.000,23.388,0.000
1938321,3,13,37,00.590,-29,52,05.70,21.179,0.000,,,,
1938392,4,13,37,01.797,-29,51,53.37,24.746,0.000,23.620,0.000,23.193,0.000
2184254,3,13,37,00.825,-29,52,06.62,21.814,0.000,,,,
1928461,2,13,37,01.650,-29,51,48.94,,,24.130,0.000,23.375,0.000
1926042,2,13,37,00.112,-29,51,58.24,22.397,0.000,,,,
1933337,3,13,37,01.729,-29,51,50.63,,,,,,
1924761,3,13,37,01.199,-29,51,44.74,,,23.798,0.000,23.263,0.000
1918425,5,13,37,00.118,-29,51,52.41,,,21.287,0.000,,
1938749,2,13,37,00.880,-29,52,06.73,23.354,0.000,,,,
1925675,2,13,37,00.116,-29,51,58.55,22.904,0.000,,,,
1932920,3,13,37,00.715,-29,52,06.35,22.509,0.000,,,,
1934159,5,13,37,01.703,-29,51,49.94,24.495,0.000,,,,
1935831,2,13,37,01.639,-29,51,48.67,,,23.996,0.000,23.569,0.000
1919430,3,13,37,00.092,-29,51,53.89,21.904,0.000,,,,
1922288,2,13,37,00.245,-29,52,02.07,22.419,0.000,,,,
1924534,2,13,37,00.102,-29,51,57.88,22.059,0.000,,,,
1915605,2,13,37,00.910,-29,51,44.24,,,25.524,0.000,24.300,0.000
1940226,2,13,37,01.714,-29,52,00.85,,,25.352,0.000,23.859,0.000
1921989,2,13,37,00.184,-29,52,00.81,24.452,0.000,,,,
1934682,3,13,37,00.523,-29,52,05.34,20.338,0.000,,,,
1937563,3,13,37,00.464,-29,52,04.86,21.443,0.000,,,,
1915485,3,13,37,00.142,-29,51,51.39,,,,,,
1918529,2,13,37,00.111,-29,51,52.61,,,,,,
1931362,5,13,37,00.695,-29,52,06.30,22.012,0.000,21.572,0.000,,
1934198,2,13,37,00.906,-29,52,06.79,23.392,0.000,,,,
2185106,2,13,37,01.588,-29,52,03.17,,,,,,
1933737,3,13,37,00.561,-29,52,05.61,20.526,0.000,,,,
1932689,7,13,37,00.346,-29,52,03.65,23.111,0.000,22.522,0.000,22.267,0.000
1931057,4,13,37,01.626,-29,51,48.38,,,24.809,0.000,23.778,0.000
1941692,5,13,37,01.624,-29,52,02.68,22.109,0.000,21.896,0.000,,
1940639,2,13,37,01.434,-29,52,04.92,24.350,0.000,,,,
2173867,3,13,37,00.596,-29,52,05.85,21.562,0.000,,,,
1938299,2,13,37,01.775,-29,51,51.90,,,25.306,0.000,23.744,0.000
1934058,2,13,37,00.376,-29,52,04.03,24.093,0.000,,,,
1919237,3,13,37,00.092,-29,51,53.59,22.119,0.000,,,,
1914967,2,13,37,00.280,-29,51,48.27,22.837,0.000,,,,
1919898,2,13,37,00.080,-29,51,54.93,22.602,0.000,,,,
1921918,3,13,37,00.163,-29,52,00.38,22.822,0.000,,,,
1918655,2,13,37,00.082,-29,51,54.37,23.381,0.000,,,,
1933171,10,13,37,01.798,-29,51,52.88,22.905,0.000,22.817,0.000,23.107,0.000
1923091,3,13,37,00.078,-29,51,55.23,22.192,0.000,,,,
1932221,2,13,37,00.678,-29,52,06.29,22.751,0.000,,,,
1921473,2,13,37,00.091,-29,51,57.50,21.891,0.000,,,,
1918982,3,13,37,00.093,-29,51,53.36,22.388,0.000,,,,
1942712,3,13,37,01.544,-29,52,03.83,24.895,0.000,24.708,0.000,24.747,0.000
1916353,3,13,37,00.438,-29,51,46.31,25.072,0.000,22.691,0.000,,
1941050,3,13,37,01.751,-29,52,00.03,24.913,0.000,24.720,0.000,24.106,0.000
1924127,2,13,37,00.076,-29,51,55.69,23.538,0.000,,,,
2185095,3,13,37,01.363,-29,52,05.53,24.458,0.000,24.031,0.000,23.671,0.000
1934001,3,13,37,01.822,-29,51,56.25,24.876,0.000,,,,
1942263,4,13,37,01.649,-29,52,02.35,,,24.271,0.000,23.601,0.000
1919170,3,13,37,00.080,-29,51,54.11,22.207,0.000,,,,
1917445,10,13,37,00.251,-29,51,48.63,19.404,0.014,18.714,0.043,18.108,0.000
1932190,3,13,37,01.796,-29,51,52.48,24.510,0.000,,,,
1934221,2,13,37,01.823,-29,51,56.61,,,,,,
1919387,3,13,37,00.074,-29,51,54.78,22.696,0.000,,,,
1917545,2,13,37,00.349,-29,51,47.17,,,,,21.905,0.000
1936120,3,13,37,00.570,-29,52,05.84,21.105,0.000,,,,
1917490,2,13,37,00.283,-29,51,48.02,23.879,0.000,,,,
1941679,3,13,37,01.336,-29,52,05.82,,,24.089,0.000,23.148,0.000
1930589,3,13,37,00.252,-29,52,02.52,21.170,0.000,,,,
1936177,2,13,37,00.750,-29,52,06.69,23.656,0.000,,,,
1940369,6,13,37,01.809,-29,51,58.17,23.772,0.000,23.765,0.000,22.292,0.000
1930983,2,13,37,00.377,-29,52,04.25,23.812,0.000,,,,
1919985,3,13,37,00.067,-29,51,55.40,21.933,0.000,,,,
1917743,2,13,37,00.197,-29,51,49.51,22.913,0.000,,,,
1929800,10,13,37,00.261,-29,52,02.71,21.210,0.270,20.700,0.121,20.153,0.000
1931742,2,13,37,01.690,-29,51,49.23,,,25.488,0.000,23.733,0.000
1939243,2,13,37,00.917,-29,52,07.00,23.716,0.000,,,,
1921541,2,13,37,00.091,-29,51,58.29,21.648,0.000,,,,
1918531,2,13,37,00.836,-29,51,44.08,,,25.066,0.000,24.348,0.000
1918810,3,13,37,00.073,-29,51,53.80,22.575,0.000,,,,
1923014,2,13,37,00.142,-29,52,00.27,23.561,0.000,,,,
1930211,2,13,37,01.657,-29,51,48.55,,,,,,
1934749,7,13,37,00.341,-29,52,03.90,24.142,0.000,22.768,0.000,21.598,0.000
1921486,2,13,37,00.081,-29,51,57.83,21.509,0.000,,,,
1943221,3,13,37,01.612,-29,52,03.21,24.688,0.000,,,,
1943226,4,13,37,01.537,-29,52,04.19,24.990,0.000,24.646,0.000,24.091,0.000
1915258,3,13,37,00.217,-29,51,48.97,21.805,0.000,,,,
1941890,3,13,37,01.238,-29,52,06.46,25.131,0.000,24.850,0.000,23.537,0.000
1915754,2,13,37,00.964,-29,51,43.94,,,25.277,0.000,23.385,0.000
1935107,4,13,37,01.628,-29,51,48.01,,,24.532,0.000,23.947,0.000
1938830,2,13,37,01.820,-29,51,53.09,24.254,0.000,,,,
1942236,3,13,37,01.752,-29,52,00.58,20.701,0.000,24.924,0.000,24.025,0.000
1922889,3,13,37,00.288,-29,52,03.29,21.521,0.000,,,,
1916397,2,13,37,00.144,-29,51,50.54,,,,,,
1933391,2,13,37,00.507,-29,52,05.59,,,,,,
1935961,3,13,37,00.694,-29,52,06.63,22.705,0.000,,,,
2170107,2,13,37,00.311,-29,52,03.63,23.701,0.000,,,,
1915505,2,13,37,00.925,-29,51,43.89,,,,,,
1943225,2,13,37,01.468,-29,52,04.98,24.950,0.000,,,,
1917424,3,13,37,00.437,-29,51,45.99,22.796,0.000,,,,
1942917,3,13,37,01.746,-29,52,00.80,25.083,0.000,,,,
1926086,3,13,37,00.089,-29,51,58.62,21.383,0.000,,,,
1925206,2,13,37,00.078,-29,51,58.05,21.686,0.000,,,,
1915414,2,13,37,00.878,-29,51,43.92,,,24.796,0.000,23.493,0.000
1915477,2,13,37,00.740,-29,51,44.21,,,25.447,0.000,24.071,0.000
1937331,3,13,37,01.844,-29,51,56.06,24.356,0.000,24.201,0.000,23.541,0.000
1931448,3,13,37,00.435,-29,52,05.03,22.173,0.000,,,,
1924238,3,13,37,00.093,-29,51,58.85,21.815,0.000,,,,
2170298,5,13,37,00.458,-29,52,05.24,19.319,0.000,,,,
1927100,3,13,37,00.235,-29,52,02.52,21.377,0.000,,,,
1923307,3,13,37,01.122,-29,51,44.07,,,23.377,0.000,22.679,0.000
1921274,4,13,37,01.140,-29,51,44.11,,,,,,
1941776,5,13,37,01.081,-29,52,07.05,23.777,0.000,23.082,0.000,22.145,0.000
1923538,3,13,37,00.053,-29,51,55.57,22.236,0.000,,,,
2184350,3,13,37,01.842,-29,51,56.73,20.753,0.000,24.964,0.000,23.467,0.000
1941858,2,13,37,01.805,-29,51,59.06,,,,,,
1927666,2,13,37,00.119,-29,51,59.94,22.852,0.000,,,,
1919466,3,13,37,00.051,-29,51,55.03,22.285,0.000,,,,
1941151,4,13,37,01.120,-29,52,07.00,24.550,0.000,23.832,0.000,22.589,0.000
1944251,2,13,37,01.369,-29,52,05.86,,,24.304,0.000,23.349,0.000
1916160,3,13,37,00.192,-29,51,49.20,22.071,0.000,,,,
1918304,2,13,37,00.177,-29,51,49.52,22.400,0.000,,,,
1944267,2,13,37,01.615,-29,52,03.40,24.363,0.000,,,,
1919306,3,13,37,00.081,-29,51,52.43,,,,,,
1917252,4,13,37,00.304,-29,51,47.34,22.509,0.000,22.089,0.000,,
1915101,12,13,37,00.108,-29,51,51.29,16.668,0.000,16.221,0.000,,
1935297,2,13,37,01.852,-29,51,55.58,,,,,,
1937161,3,13,37,00.557,-29,52,06.08,22.074,0.000,,,,
2161424,3,13,37,01.533,-29,51,46.54,,,24.325,0.000,23.005,0.000
2161425,2,13,37,00.208,-29,52,02.21,23.050,0.000,,,,
1923367,2,13,37,00.060,-29,51,57.62,21.664,0.000,,,,
1930402,3,13,37,00.232,-29,52,02.65,21.203,0.000,,,,
1938161,3,13,37,00.667,-29,52,06.68,21.996,0.000,,,,
1915476,3,13,37,00.755,-29,51,44.02,,,25.166,0.000,23.642,0.000
1928235,3,13,37,00.242,-29,52,02.84,21.059,0.000,,,,
1938704,2,13,37,00.781,-29,52,07.07,23.729,0.000,,,,
1938081,3,13,37,00.571,-29,52,06.22,21.765,0.000,,,,
2163308,2,13,37,00.211,-29,52,02.34,22.735,0.000,,,,
1931182,3,13,37,01.718,-29,51,49.23,,,,,23.537,0.000
1927614,2,13,37,00.132,-29,52,00.61,24.031,0.000,,,,
1941189,5,13,37,01.795,-29,51,59.79,24.648,0.000,23.919,0.000,23.442,0.000
1917221,2,13,37,00.729,-29,51,44.06,,,25.036,0.000,23.756,0.000
1916328,2,13,37,00.261,-29,51,47.82,23.095,0.000,,,,
1933472,2,13,37,01.628,-29,51,47.64,,,24.746,0.000,23.778,0.000
1915407,2,13,37,00.879,-29,51,43.72,,,25.198,0.000,23.207,0.000
1923483,2,13,37,00.042,-29,51,55.99,24.149,0.000,,,,
1922927,4,13,37,01.291,-29,51,44.55,,,23.394,0.000,22.964,0.000
1917361,2,13,37,00.063,-29,51,52.89,,,,,,
1925611,2,13,37,00.067,-29,51,58.37,21.586,0.000,,,,
1941125,2,13,37,01.352,-29,52,06.13,,,24.547,0.000,22.899,0.000
1917155,2,13,37,00.209,-29,51,48.63,22.435,0.000,,,,
1934776,3,13,37,01.860,-29,51,55.34,24.983,0.000,24.469,0.313,23.667,0.556
1926152,2,13,37,00.410,-29,52,05.05,22.523,0.000,,,,
1930279,2,13,37,00.155,-29,52,01.30,24.264,0.000,,,,
1923055,2,13,37,00.140,-29,52,00.95,24.050,0.000,,,,
1937476,3,13,37,00.619,-29,52,06.56,23.040,0.000,,,,
1919964,4,13,37,01.017,-29,51,43.68,,,25.633,0.000,23.069,0.000
1928888,3,13,37,01.555,-29,51,46.64,,,24.974,0.000,23.169,0.000
1929899,3,13,37,00.611,-29,52,06.52,23.685,0.000,,,,
1934670,3,13,37,00.481,-29,52,05.71,20.921,0.000,,,,
1924213,10,13,37,00.068,-29,51,58.68,21.402,0.203,21.167,0.021,21.197,0.000
1925791,2,13,37,00.395,-29,52,04.97,23.113,0.000,,,,
1943951,2,13,37,01.591,-29,52,04.00,,,24.553,0.000,23.579,0.000
1943891,3,13,37,01.303,-29,52,06.51,,,21.327,3.608,22.996,0.000
1937820,3,13,37,00.495,-29,52,05.86,21.090,0.000,,,,
1925954,2,13,37,00.089,-29,51,59.61,22.320,0.000,,,,
1937225,2,13,37,01.738,-29,51,49.40,,,,,,
1917457,2,13,37,00.227,-29,51,48.17,23.260,0.000,,,,
1938115,3,13,37,01.827,-29,51,51.98,25.292,0.000,23.920,0.000,23.157,0.000
1930784,2,13,37,01.648,-29,51,47.76,,,24.578,0.000,23.552,0.000
1917405,5,13,37,00.239,-29,51,47.96,22.735,0.000,22.331,0.000,,
1931890,2,13,37,01.817,-29,51,51.56,,,,,,
1919653,2,13,37,00.031,-29,51,55.32,22.856,0.000,,,,
1916456,2,13,37,00.303,-29,51,47.02,,,20.911,0.000,,
1916351,2,13,37,00.147,-29,51,49.69,23.139,0.000,,,,
1919461,2,13,37,00.031,-29,51,55.11,23.525,0.000,,,,
1943406,3,13,37,01.703,-29,52,02.37,,,23.668,0.000,23.282,0.000
1914839,2,13,37,00.352,-29,51,46.42,23.934,0.000,,,,
1922978,2,13,37,00.094,-29,51,59.90,22.898,0.000,,,,
1938433,3,13,37,01.858,-29,51,53.52,,,23.550,0.000,22.871,0.000
1927153,2,13,37,00.527,-29,52,06.16,22.774,0.000,,,,
1931710,2,13,37,00.346,-29,52,04.57,23.379,0.000,,,,
1934430,2,13,37,00.694,-29,52,07.03,23.235,0.000,,,,
1914914,2,13,37,00.261,-29,51,47.53,22.792,0.000,,,,
1919908,3,13,37,00.028,-29,51,55.71,22.543,0.000,,,,
1916694,2,13,37,00.442,-29,51,45.49,23.454,0.000,,,,

